Sr No.,"Date of
Encashment",Name of the Political Party,"Account no. of
Political Party",Prefix,"Bond
Number",Denominations,"Pay Branch
Code",Pay Teller
1,12/Apr/2019,ALL INDIA ANNA DRAVIDA MUNNETRA KAZHAGAM,*******5199,OC,775,"1,00,00,000",00800,2770121
2,12/Apr/2019,ALL INDIA ANNA DRAVIDA MUNNETRA KAZHAGAM,*******5199,OC,3975,"1,00,00,000",00800,2770121
3,12/Apr/2019,ALL INDIA ANNA DRAVIDA MUNNETRA KAZHAGAM,*******5199,OC,3967,"1,00,00,000",00800,2770121
4,12/Apr/2019,ALL INDIA ANNA DRAVIDA MUNNETRA KAZHAGAM,*******5199,TL,10418,"10,00,000",00800,2770121
5,12/Apr/2019,ALL INDIA ANNA DRAVIDA MUNNETRA KAZHAGAM,*******5199,TL,126,"10,00,000",00800,2770121
6,12/Apr/2019,ALL INDIA ANNA DRAVIDA MUNNETRA KAZHAGAM,*******5199,TL,116,"10,00,000",00800,2770121
7,12/Apr/2019,ALL INDIA ANNA DRAVIDA MUNNETRA KAZHAGAM,*******5199,TL,10466,"10,00,000",00800,2770121
8,12/Apr/2019,ALL INDIA ANNA DRAVIDA MUNNETRA KAZHAGAM,*******5199,TL,122,"10,00,000",00800,2770121
9,12/Apr/2019,ALL INDIA ANNA DRAVIDA MUNNETRA KAZHAGAM,*******5199,TL,158,"10,00,000",00800,2770121
10,12/Apr/2019,ALL INDIA ANNA DRAVIDA MUNNETRA KAZHAGAM,*******5199,TL,108,"10,00,000",00800,2770121
11,12/Apr/2019,ALL INDIA ANNA DRAVIDA MUNNETRA KAZHAGAM,*******5199,TL,10446,"10,00,000",00800,2770121
12,12/Apr/2019,ALL INDIA ANNA DRAVIDA MUNNETRA KAZHAGAM,*******5199,TL,10434,"10,00,000",00800,2770121
13,12/Apr/2019,ALL INDIA ANNA DRAVIDA MUNNETRA KAZHAGAM,*******5199,TL,162,"10,00,000",00800,2770121
14,12/Apr/2019,ALL INDIA ANNA DRAVIDA MUNNETRA KAZHAGAM,*******5199,TL,128,"10,00,000",00800,2770121
15,12/Apr/2019,ALL INDIA ANNA DRAVIDA MUNNETRA KAZHAGAM,*******5199,TL,113,"10,00,000",00800,2770121
16,12/Apr/2019,ALL INDIA ANNA DRAVIDA MUNNETRA KAZHAGAM,*******5199,TL,10423,"10,00,000",00800,2770121
17,12/Apr/2019,ALL INDIA ANNA DRAVIDA MUNNETRA KAZHAGAM,*******5199,TL,110,"10,00,000",00800,2770121
18,12/Apr/2019,ALL INDIA ANNA DRAVIDA MUNNETRA KAZHAGAM,*******5199,TL,131,"10,00,000",00800,2770121
19,12/Apr/2019,ALL INDIA ANNA DRAVIDA MUNNETRA KAZHAGAM,*******5199,TL,164,"10,00,000",00800,2770121
20,12/Apr/2019,ALL INDIA ANNA DRAVIDA MUNNETRA KAZHAGAM,*******5199,TL,118,"10,00,000",00800,2770121
21,12/Apr/2019,ALL INDIA ANNA DRAVIDA MUNNETRA KAZHAGAM,*******5199,TL,10449,"10,00,000",00800,2770121
22,12/Apr/2019,ALL INDIA ANNA DRAVIDA MUNNETRA KAZHAGAM,*******5199,TL,10417,"10,00,000",00800,2770121
23,12/Apr/2019,ALL INDIA ANNA DRAVIDA MUNNETRA KAZHAGAM,*******5199,TL,10426,"10,00,000",00800,2770121
24,12/Apr/2019,ALL INDIA ANNA DRAVIDA MUNNETRA KAZHAGAM,*******5199,TL,10420,"10,00,000",00800,2770121
25,12/Apr/2019,ALL INDIA ANNA DRAVIDA MUNNETRA KAZHAGAM,*******5199,TL,10443,"10,00,000",00800,2770121
26,12/Apr/2019,ALL INDIA ANNA DRAVIDA MUNNETRA KAZHAGAM,*******5199,TL,10452,"10,00,000",00800,2770121
27,12/Apr/2019,ALL INDIA ANNA DRAVIDA MUNNETRA KAZHAGAM,*******5199,TL,160,"10,00,000",00800,2770121
28,12/Apr/2019,ALL INDIA ANNA DRAVIDA MUNNETRA KAZHAGAM,*******5199,TL,10408,"10,00,000",00800,2770121
29,12/Apr/2019,ALL INDIA ANNA DRAVIDA MUNNETRA KAZHAGAM,*******5199,TL,120,"10,00,000",00800,2770121
30,12/Apr/2019,ALL INDIA ANNA DRAVIDA MUNNETRA KAZHAGAM,*******5199,TL,10464,"10,00,000",00800,2770121
31,12/Apr/2019,ALL INDIA ANNA DRAVIDA MUNNETRA KAZHAGAM,*******5199,TL,124,"10,00,000",00800,2770121
32,12/Apr/2019,ALL INDIA ANNA DRAVIDA MUNNETRA KAZHAGAM,*******5199,TL,10440,"10,00,000",00800,2770121
33,12/Apr/2019,ALL INDIA ANNA DRAVIDA MUNNETRA KAZHAGAM,*******5199,TL,10469,"10,00,000",00800,2770121
34,12/Apr/2019,BHARAT RASHTRA SAMITHI,*******7477,OC,6646,"1,00,00,000",00847,3367975
35,12/Apr/2019,BHARAT RASHTRA SAMITHI,*******7477,OC,6644,"1,00,00,000",00847,3367975
36,12/Apr/2019,BHARAT RASHTRA SAMITHI,*******7477,OC,5470,"1,00,00,000",00847,3367975
37,12/Apr/2019,BHARAT RASHTRA SAMITHI,*******7477,OC,5455,"1,00,00,000",00847,3367975
38,12/Apr/2019,BHARAT RASHTRA SAMITHI,*******7477,OC,5467,"1,00,00,000",00847,3367975
39,12/Apr/2019,BHARAT RASHTRA SAMITHI,*******7477,OC,5460,"1,00,00,000",00847,3367975
40,12/Apr/2019,BHARAT RASHTRA SAMITHI,*******7477,OC,5463,"1,00,00,000",00847,3367975
41,12/Apr/2019,BHARAT RASHTRA SAMITHI,*******7477,OC,5451,"1,00,00,000",00847,3367975
42,12/Apr/2019,BHARAT RASHTRA SAMITHI,*******7477,OC,5458,"1,00,00,000",00847,3367975
43,12/Apr/2019,BHARAT RASHTRA SAMITHI,*******7477,OC,5454,"1,00,00,000",00847,3367975
44,12/Apr/2019,BHARAT RASHTRA SAMITHI,*******7477,OC,5474,"1,00,00,000",00847,3367975
45,12/Apr/2019,BHARAT RASHTRA SAMITHI,*******7477,OC,5459,"1,00,00,000",00847,3367975
46,12/Apr/2019,BHARAT RASHTRA SAMITHI,*******7477,OC,5475,"1,00,00,000",00847,3367975
47,12/Apr/2019,BHARAT RASHTRA SAMITHI,*******7477,OC,5464,"1,00,00,000",00847,3367975
48,12/Apr/2019,BHARAT RASHTRA SAMITHI,*******7477,OC,5453,"1,00,00,000",00847,3367975
49,12/Apr/2019,BHARAT RASHTRA SAMITHI,*******7477,OC,5472,"1,00,00,000",00847,3367975
50,12/Apr/2019,BHARAT RASHTRA SAMITHI,*******7477,OC,5471,"1,00,00,000",00847,3367975
51,12/Apr/2019,BHARAT RASHTRA SAMITHI,*******7477,OC,5468,"1,00,00,000",00847,3367975
52,12/Apr/2019,BHARAT RASHTRA SAMITHI,*******7477,OC,5450,"1,00,00,000",00847,3367975
53,12/Apr/2019,BHARAT RASHTRA SAMITHI,*******7477,OC,5462,"1,00,00,000",00847,3367975
54,12/Apr/2019,BHARAT RASHTRA SAMITHI,*******7477,OC,5457,"1,00,00,000",00847,3367975
55,12/Apr/2019,BHARAT RASHTRA SAMITHI,*******7477,OC,5466,"1,00,00,000",00847,3367975
56,12/Apr/2019,BHARAT RASHTRA SAMITHI,*******7477,TL,10876,"10,00,000",00847,3367975
57,12/Apr/2019,BHARAT RASHTRA SAMITHI,*******7477,TL,10877,"10,00,000",00847,3367975
58,12/Apr/2019,BHARAT RASHTRA SAMITHI,*******7477,TL,10885,"10,00,000",00847,3367975
59,12/Apr/2019,BHARAT RASHTRA SAMITHI,*******7477,TL,10856,"10,00,000",00847,3367975
60,12/Apr/2019,BHARAT RASHTRA SAMITHI,*******7477,TL,10870,"10,00,000",00847,3367975
61,12/Apr/2019,BHARATIYA JANATA PARTY,*******8244,OC,4274,"1,00,00,000",00691,3627829
62,12/Apr/2019,BHARATIYA JANATA PARTY,*******8244,OC,4276,"1,00,00,000",00691,3627829
63,12/Apr/2019,BHARATIYA JANATA PARTY,*******8244,OC,5827,"1,00,00,000",00691,3627829
64,12/Apr/2019,BHARATIYA JANATA PARTY,*******8244,OC,5847,"1,00,00,000",00691,3627829
65,12/Apr/2019,BHARATIYA JANATA PARTY,*******8244,OC,4303,"1,00,00,000",00691,3627829
66,12/Apr/2019,BHARATIYA JANATA PARTY,*******8244,OC,4301,"1,00,00,000",00691,3627829
67,12/Apr/2019,BHARATIYA JANATA PARTY,*******8244,OC,5831,"1,00,00,000",00691,3627829
68,12/Apr/2019,BHARATIYA JANATA PARTY,*******8244,OC,4321,"1,00,00,000",00691,3627829
69,12/Apr/2019,BHARATIYA JANATA PARTY,*******8244,OC,5861,"1,00,00,000",00691,3627829
70,12/Apr/2019,BHARATIYA JANATA PARTY,*******8244,OC,4325,"1,00,00,000",00691,3627829
71,12/Apr/2019,BHARATIYA JANATA PARTY,*******8244,OC,5843,"1,00,00,000",00691,3627829
72,12/Apr/2019,BHARATIYA JANATA PARTY,*******8244,OC,5837,"1,00,00,000",00691,3627829
73,12/Apr/2019,BHARATIYA JANATA PARTY,*******8244,OC,5817,"1,00,00,000",00691,3627829
74,12/Apr/2019,BHARATIYA JANATA PARTY,*******8244,OC,4319,"1,00,00,000",00691,3627829
75,12/Apr/2019,BHARATIYA JANATA PARTY,*******8244,OC,4293,"1,00,00,000",00691,3627829
76,12/Apr/2019,BHARATIYA JANATA PARTY,*******8244,OC,4305,"1,00,00,000",00691,3627829
77,12/Apr/2019,BHARATIYA JANATA PARTY,*******8244,OC,5801,"1,00,00,000",00691,3627829
78,12/Apr/2019,BHARATIYA JANATA PARTY,*******8244,OC,5825,"1,00,00,000",00691,3627829
79,12/Apr/2019,BHARATIYA JANATA PARTY,*******8244,OC,4313,"1,00,00,000",00691,3627829
80,12/Apr/2019,BHARATIYA JANATA PARTY,*******8244,OC,5805,"1,00,00,000",00691,3627829
81,12/Apr/2019,BHARATIYA JANATA PARTY,*******8244,OC,5829,"1,00,00,000",00691,3627829
82,12/Apr/2019,BHARATIYA JANATA PARTY,*******8244,OC,5821,"1,00,00,000",00691,3627829
83,12/Apr/2019,BHARATIYA JANATA PARTY,*******8244,OC,5839,"1,00,00,000",00691,3627829
84,12/Apr/2019,BHARATIYA JANATA PARTY,*******8244,OC,5841,"1,00,00,000",00691,3627829
85,12/Apr/2019,BHARATIYA JANATA PARTY,*******8244,OC,5813,"1,00,00,000",00691,3627829
86,12/Apr/2019,BHARATIYA JANATA PARTY,*******8244,OC,5833,"1,00,00,000",00691,3627829
87,12/Apr/2019,BHARATIYA JANATA PARTY,*******8244,OC,4327,"1,00,00,000",00691,3627829
88,12/Apr/2019,BHARATIYA JANATA PARTY,*******8244,OC,4311,"1,00,00,000",00691,3627829
89,12/Apr/2019,BHARATIYA JANATA PARTY,*******8244,OC,4347,"1,00,00,000",00691,3627829
90,12/Apr/2019,BHARATIYA JANATA PARTY,*******8244,OC,4317,"1,00,00,000",00691,3627829
91,12/Apr/2019,BHARATIYA JANATA PARTY,*******8244,OC,5809,"1,00,00,000",00691,3627829
92,12/Apr/2019,BHARATIYA JANATA PARTY,*******8244,OC,5855,"1,00,00,000",00691,3627829
93,12/Apr/2019,BHARATIYA JANATA PARTY,*******8244,OC,4333,"1,00,00,000",00691,3627829
94,12/Apr/2019,BHARATIYA JANATA PARTY,*******8244,OC,4335,"1,00,00,000",00691,3627829
95,12/Apr/2019,BHARATIYA JANATA PARTY,*******8244,OC,4337,"1,00,00,000",00691,3627829
96,12/Apr/2019,BHARATIYA JANATA PARTY,*******8244,OC,4343,"1,00,00,000",00691,3627829
97,12/Apr/2019,BHARATIYA JANATA PARTY,*******8244,OC,4295,"1,00,00,000",00691,3627829
98,12/Apr/2019,BHARATIYA JANATA PARTY,*******8244,OC,4331,"1,00,00,000",00691,3627829
99,12/Apr/2019,BHARATIYA JANATA PARTY,*******8244,OC,5819,"1,00,00,000",00691,3627829
100,12/Apr/2019,BHARATIYA JANATA PARTY,*******8244,OC,5853,"1,00,00,000",00691,3627829
101,12/Apr/2019,BHARATIYA JANATA PARTY,*******8244,OC,5857,"1,00,00,000",00691,3627829
102,12/Apr/2019,BHARATIYA JANATA PARTY,*******8244,OC,4349,"1,00,00,000",00691,3627829
103,12/Apr/2019,BHARATIYA JANATA PARTY,*******8244,OC,5803,"1,00,00,000",00691,3627829
104,12/Apr/2019,BHARATIYA JANATA PARTY,*******8244,OC,5849,"1,00,00,000",00691,3627829
105,12/Apr/2019,BHARATIYA JANATA PARTY,*******8244,OC,4299,"1,00,00,000",00691,3627829
106,12/Apr/2019,BHARATIYA JANATA PARTY,*******8244,OC,4329,"1,00,00,000",00691,3627829
107,12/Apr/2019,BHARATIYA JANATA PARTY,*******8244,OC,4315,"1,00,00,000",00691,3627829
108,12/Apr/2019,BHARATIYA JANATA PARTY,*******8244,OC,4339,"1,00,00,000",00691,3627829
109,12/Apr/2019,BHARATIYA JANATA PARTY,*******8244,OC,5835,"1,00,00,000",00691,3627829
110,12/Apr/2019,BHARATIYA JANATA PARTY,*******8244,OC,5807,"1,00,00,000",00691,3627829
111,12/Apr/2019,BHARATIYA JANATA PARTY,*******8244,OC,5811,"1,00,00,000",00691,3627829
112,12/Apr/2019,BHARATIYA JANATA PARTY,*******8244,OC,4309,"1,00,00,000",00691,3627829
113,12/Apr/2019,BHARATIYA JANATA PARTY,*******8244,OC,4341,"1,00,00,000",00691,3627829
114,12/Apr/2019,BHARATIYA JANATA PARTY,*******8244,OC,5815,"1,00,00,000",00691,3627829
115,12/Apr/2019,BHARATIYA JANATA PARTY,*******8244,OC,4345,"1,00,00,000",00691,3627829
116,12/Apr/2019,BHARATIYA JANATA PARTY,*******8244,OC,5851,"1,00,00,000",00691,3627829
117,12/Apr/2019,BHARATIYA JANATA PARTY,*******8244,OC,4297,"1,00,00,000",00691,3627829
118,12/Apr/2019,BHARATIYA JANATA PARTY,*******8244,OC,5845,"1,00,00,000",00691,3627829
119,12/Apr/2019,BHARATIYA JANATA PARTY,*******8244,OC,4307,"1,00,00,000",00691,3627829
120,12/Apr/2019,BHARATIYA JANATA PARTY,*******8244,OC,4323,"1,00,00,000",00691,3627829
121,12/Apr/2019,BHARATIYA JANATA PARTY,*******8244,OC,5859,"1,00,00,000",00691,3627829
122,12/Apr/2019,BHARATIYA JANATA PARTY,*******8244,OC,5823,"1,00,00,000",00691,3627829
123,12/Apr/2019,BHARATIYA JANATA PARTY,*******8244,OC,5856,"1,00,00,000",00691,3627829
124,12/Apr/2019,BHARATIYA JANATA PARTY,*******8244,OC,5868,"1,00,00,000",00691,3627829
125,12/Apr/2019,BHARATIYA JANATA PARTY,*******8244,OC,5870,"1,00,00,000",00691,3627829
126,12/Apr/2019,BHARATIYA JANATA PARTY,*******8244,OC,5846,"1,00,00,000",00691,3627829
127,12/Apr/2019,BHARATIYA JANATA PARTY,*******8244,OC,5866,"1,00,00,000",00691,3627829
128,12/Apr/2019,BHARATIYA JANATA PARTY,*******8244,OC,5848,"1,00,00,000",00691,3627829
129,12/Apr/2019,BHARATIYA JANATA PARTY,*******8244,OC,5852,"1,00,00,000",00691,3627829
130,12/Apr/2019,BHARATIYA JANATA PARTY,*******8244,OC,5874,"1,00,00,000",00691,3627829
131,12/Apr/2019,BHARATIYA JANATA PARTY,*******8244,OC,5872,"1,00,00,000",00691,3627829
132,12/Apr/2019,BHARATIYA JANATA PARTY,*******8244,OC,5850,"1,00,00,000",00691,3627829
133,12/Apr/2019,BHARATIYA JANATA PARTY,*******8244,OC,5858,"1,00,00,000",00691,3627829
134,12/Apr/2019,BHARATIYA JANATA PARTY,*******8244,OC,5864,"1,00,00,000",00691,3627829
135,12/Apr/2019,BHARATIYA JANATA PARTY,*******8244,OC,5862,"1,00,00,000",00691,3627829
136,12/Apr/2019,BHARATIYA JANATA PARTY,*******8244,OC,5860,"1,00,00,000",00691,3627829
137,12/Apr/2019,BHARATIYA JANATA PARTY,*******8244,OC,5854,"1,00,00,000",00691,3627829
138,12/Apr/2019,BHARATIYA JANATA PARTY,*******8244,OC,5818,"1,00,00,000",00691,3627829
139,12/Apr/2019,BHARATIYA JANATA PARTY,*******8244,OC,5840,"1,00,00,000",00691,3627829
140,12/Apr/2019,BHARATIYA JANATA PARTY,*******8244,OC,5844,"1,00,00,000",00691,3627829
141,12/Apr/2019,BHARATIYA JANATA PARTY,*******8244,OC,5836,"1,00,00,000",00691,3627829
142,12/Apr/2019,BHARATIYA JANATA PARTY,*******8244,OC,5820,"1,00,00,000",00691,3627829
143,12/Apr/2019,BHARATIYA JANATA PARTY,*******8244,OC,5828,"1,00,00,000",00691,3627829
144,12/Apr/2019,BHARATIYA JANATA PARTY,*******8244,OC,5832,"1,00,00,000",00691,3627829
145,12/Apr/2019,BHARATIYA JANATA PARTY,*******8244,OC,5842,"1,00,00,000",00691,3627829
146,12/Apr/2019,BHARATIYA JANATA PARTY,*******8244,OC,5830,"1,00,00,000",00691,3627829
147,12/Apr/2019,BHARATIYA JANATA PARTY,*******8244,OC,5834,"1,00,00,000",00691,3627829
148,12/Apr/2019,BHARATIYA JANATA PARTY,*******8244,OC,5824,"1,00,00,000",00691,3627829
149,12/Apr/2019,BHARATIYA JANATA PARTY,*******8244,OC,5822,"1,00,00,000",00691,3627829
150,12/Apr/2019,BHARATIYA JANATA PARTY,*******8244,OC,5826,"1,00,00,000",00691,3627829
151,12/Apr/2019,BHARATIYA JANATA PARTY,*******8244,OC,5838,"1,00,00,000",00691,3627829
152,12/Apr/2019,BHARATIYA JANATA PARTY,*******8244,OC,5802,"1,00,00,000",00691,3627829
153,12/Apr/2019,BHARATIYA JANATA PARTY,*******8244,OC,4342,"1,00,00,000",00691,3627829
154,12/Apr/2019,BHARATIYA JANATA PARTY,*******8244,OC,4334,"1,00,00,000",00691,3627829
155,12/Apr/2019,BHARATIYA JANATA PARTY,*******8244,OC,5804,"1,00,00,000",00691,3627829
156,12/Apr/2019,BHARATIYA JANATA PARTY,*******8244,OC,4340,"1,00,00,000",00691,3627829
157,12/Apr/2019,BHARATIYA JANATA PARTY,*******8244,OC,4348,"1,00,00,000",00691,3627829
158,12/Apr/2019,BHARATIYA JANATA PARTY,*******8244,OC,4346,"1,00,00,000",00691,3627829
159,12/Apr/2019,BHARATIYA JANATA PARTY,*******8244,OC,4330,"1,00,00,000",00691,3627829
160,12/Apr/2019,BHARATIYA JANATA PARTY,*******8244,OC,4344,"1,00,00,000",00691,3627829
161,12/Apr/2019,BHARATIYA JANATA PARTY,*******8244,OC,4338,"1,00,00,000",00691,3627829
162,12/Apr/2019,BHARATIYA JANATA PARTY,*******8244,OC,4332,"1,00,00,000",00691,3627829
163,12/Apr/2019,BHARATIYA JANATA PARTY,*******8244,OC,4336,"1,00,00,000",00691,3627829
164,12/Apr/2019,BHARATIYA JANATA PARTY,*******8244,OC,5806,"1,00,00,000",00691,3627829
165,12/Apr/2019,BHARATIYA JANATA PARTY,*******8244,OC,4350,"1,00,00,000",00691,3627829
166,12/Apr/2019,BHARATIYA JANATA PARTY,*******8244,OC,6603,"1,00,00,000",00691,3627829
167,12/Apr/2019,BHARATIYA JANATA PARTY,*******8244,OC,5886,"1,00,00,000",00691,3627829
168,12/Apr/2019,BHARATIYA JANATA PARTY,*******8244,OC,5896,"1,00,00,000",00691,3627829
169,12/Apr/2019,BHARATIYA JANATA PARTY,*******8244,OC,5890,"1,00,00,000",00691,3627829
170,12/Apr/2019,BHARATIYA JANATA PARTY,*******8244,OC,5888,"1,00,00,000",00691,3627829
171,12/Apr/2019,BHARATIYA JANATA PARTY,*******8244,OC,6609,"1,00,00,000",00691,3627829
172,12/Apr/2019,BHARATIYA JANATA PARTY,*******8244,OC,5882,"1,00,00,000",00691,3627829
173,12/Apr/2019,BHARATIYA JANATA PARTY,*******8244,OC,6607,"1,00,00,000",00691,3627829
174,12/Apr/2019,BHARATIYA JANATA PARTY,*******8244,OC,6611,"1,00,00,000",00691,3627829
175,12/Apr/2019,BHARATIYA JANATA PARTY,*******8244,OC,5892,"1,00,00,000",00691,3627829
176,12/Apr/2019,BHARATIYA JANATA PARTY,*******8244,OC,5894,"1,00,00,000",00691,3627829
177,12/Apr/2019,BHARATIYA JANATA PARTY,*******8244,OC,6605,"1,00,00,000",00691,3627829
178,12/Apr/2019,BHARATIYA JANATA PARTY,*******8244,OC,5885,"1,00,00,000",00691,3627829
179,12/Apr/2019,BHARATIYA JANATA PARTY,*******8244,OC,5871,"1,00,00,000",00691,3300196
180,12/Apr/2019,BHARATIYA JANATA PARTY,*******8244,OC,5875,"1,00,00,000",00691,3627829
181,12/Apr/2019,BHARATIYA JANATA PARTY,*******8244,OC,5873,"1,00,00,000",00691,3627829
182,12/Apr/2019,BHARATIYA JANATA PARTY,*******8244,OC,2588,"1,00,00,000",00691,3300196
183,12/Apr/2019,BHARATIYA JANATA PARTY,*******8244,OC,2793,"1,00,00,000",00691,3300196
184,12/Apr/2019,BHARATIYA JANATA PARTY,*******8244,OC,2810,"1,00,00,000",00691,3300196
185,12/Apr/2019,BHARATIYA JANATA PARTY,*******8244,OC,4488,"1,00,00,000",00691,3300196
186,12/Apr/2019,BHARATIYA JANATA PARTY,*******8244,OC,5148,"1,00,00,000",00691,3300196
187,12/Apr/2019,BHARATIYA JANATA PARTY,*******8244,OC,4432,"1,00,00,000",00691,3300196
188,12/Apr/2019,BHARATIYA JANATA PARTY,*******8244,OC,5173,"1,00,00,000",00691,3300196
189,12/Apr/2019,BHARATIYA JANATA PARTY,*******8244,OC,5107,"1,00,00,000",00691,3300196
190,12/Apr/2019,BHARATIYA JANATA PARTY,*******8244,OC,5101,"1,00,00,000",00691,3300196
191,12/Apr/2019,BHARATIYA JANATA PARTY,*******8244,OC,5211,"1,00,00,000",00691,3300196
192,12/Apr/2019,BHARATIYA JANATA PARTY,*******8244,OC,5102,"1,00,00,000",00691,3300196
193,12/Apr/2019,BHARATIYA JANATA PARTY,*******8244,OC,5130,"1,00,00,000",00691,3300196
194,12/Apr/2019,BHARATIYA JANATA PARTY,*******8244,OC,5149,"1,00,00,000",00691,3300196
195,12/Apr/2019,BHARATIYA JANATA PARTY,*******8244,OC,5216,"1,00,00,000",00691,3300196
196,12/Apr/2019,BHARATIYA JANATA PARTY,*******8244,OC,5213,"1,00,00,000",00691,3300196
197,12/Apr/2019,BHARATIYA JANATA PARTY,*******8244,OC,5151,"1,00,00,000",00691,3300196
198,12/Apr/2019,BHARATIYA JANATA PARTY,*******8244,OC,5215,"1,00,00,000",00691,3300196
199,12/Apr/2019,BHARATIYA JANATA PARTY,*******8244,OC,5214,"1,00,00,000",00691,3300196
200,12/Apr/2019,BHARATIYA JANATA PARTY,*******8244,OC,5103,"1,00,00,000",00691,3300196
201,12/Apr/2019,BHARATIYA JANATA PARTY,*******8244,OC,5128,"1,00,00,000",00691,3300196
202,12/Apr/2019,BHARATIYA JANATA PARTY,*******8244,OC,5105,"1,00,00,000",00691,3300196
203,12/Apr/2019,BHARATIYA JANATA PARTY,*******8244,OC,5212,"1,00,00,000",00691,3300196
204,12/Apr/2019,BHARATIYA JANATA PARTY,*******8244,OC,5126,"1,00,00,000",00691,3300196
205,12/Apr/2019,BHARATIYA JANATA PARTY,*******8244,OC,5150,"1,00,00,000",00691,3300196
206,12/Apr/2019,BHARATIYA JANATA PARTY,*******8244,OC,5142,"1,00,00,000",00691,3300196
207,12/Apr/2019,BHARATIYA JANATA PARTY,*******8244,OC,5127,"1,00,00,000",00691,3300196
208,12/Apr/2019,BHARATIYA JANATA PARTY,*******8244,OC,5144,"1,00,00,000",00691,3300196
209,12/Apr/2019,BHARATIYA JANATA PARTY,*******8244,OC,5106,"1,00,00,000",00691,3300196
210,12/Apr/2019,BHARATIYA JANATA PARTY,*******8244,OC,5123,"1,00,00,000",00691,3300196
211,12/Apr/2019,BHARATIYA JANATA PARTY,*******8244,OC,5146,"1,00,00,000",00691,3300196
212,12/Apr/2019,BHARATIYA JANATA PARTY,*******8244,OC,5147,"1,00,00,000",00691,3300196
213,12/Apr/2019,BHARATIYA JANATA PARTY,*******8244,OC,5108,"1,00,00,000",00691,3300196
214,12/Apr/2019,BHARATIYA JANATA PARTY,*******8244,OC,5124,"1,00,00,000",00691,3300196
215,12/Apr/2019,BHARATIYA JANATA PARTY,*******8244,OC,5121,"1,00,00,000",00691,3300196
216,12/Apr/2019,BHARATIYA JANATA PARTY,*******8244,OC,5143,"1,00,00,000",00691,3300196
217,12/Apr/2019,BHARATIYA JANATA PARTY,*******8244,OC,5145,"1,00,00,000",00691,3300196
218,12/Apr/2019,BHARATIYA JANATA PARTY,*******8244,OC,5109,"1,00,00,000",00691,3300196
219,12/Apr/2019,BHARATIYA JANATA PARTY,*******8244,OC,5129,"1,00,00,000",00691,3300196
220,12/Apr/2019,BHARATIYA JANATA PARTY,*******8244,OC,5104,"1,00,00,000",00691,3300196
221,12/Apr/2019,BHARATIYA JANATA PARTY,*******8244,OC,5192,"1,00,00,000",00691,3627829
222,12/Apr/2019,BHARATIYA JANATA PARTY,*******8244,OC,4433,"1,00,00,000",00691,3300196
223,12/Apr/2019,BHARATIYA JANATA PARTY,*******8244,OC,5110,"1,00,00,000",00691,3300196
224,12/Apr/2019,BHARATIYA JANATA PARTY,*******8244,OC,5122,"1,00,00,000",00691,3300196
225,12/Apr/2019,BHARATIYA JANATA PARTY,*******8244,OC,5125,"1,00,00,000",00691,3300196
226,12/Apr/2019,BHARATIYA JANATA PARTY,*******8244,OC,740,"1,00,00,000",00691,3300196
227,12/Apr/2019,BHARATIYA JANATA PARTY,*******8244,OC,742,"1,00,00,000",00691,3300196
228,12/Apr/2019,BHARATIYA JANATA PARTY,*******8244,OC,744,"1,00,00,000",00691,3300196
229,12/Apr/2019,BHARATIYA JANATA PARTY,*******8244,OC,6217,"1,00,00,000",00691,3300196
230,12/Apr/2019,BHARATIYA JANATA PARTY,*******8244,OC,6221,"1,00,00,000",00691,3300196
231,12/Apr/2019,BHARATIYA JANATA PARTY,*******8244,OC,6233,"1,00,00,000",00691,3300196
232,12/Apr/2019,BHARATIYA JANATA PARTY,*******8244,OC,6241,"1,00,00,000",00691,3300196
233,12/Apr/2019,BHARATIYA JANATA PARTY,*******8244,OC,6247,"1,00,00,000",00691,3300196
234,12/Apr/2019,BHARATIYA JANATA PARTY,*******8244,OC,6214,"1,00,00,000",00691,3300196
235,12/Apr/2019,BHARATIYA JANATA PARTY,*******8244,OC,6238,"1,00,00,000",00691,3300196
236,12/Apr/2019,BHARATIYA JANATA PARTY,*******8244,OC,4592,"1,00,00,000",00691,3300196
237,12/Apr/2019,BHARATIYA JANATA PARTY,*******8244,OC,6203,"1,00,00,000",00691,3300196
238,12/Apr/2019,BHARATIYA JANATA PARTY,*******8244,OC,6231,"1,00,00,000",00691,3300196
239,12/Apr/2019,BHARATIYA JANATA PARTY,*******8244,OC,6227,"1,00,00,000",00691,3300196
240,12/Apr/2019,BHARATIYA JANATA PARTY,*******8244,OC,4574,"1,00,00,000",00691,3300196
241,12/Apr/2019,BHARATIYA JANATA PARTY,*******8244,OC,6207,"1,00,00,000",00691,3300196
242,12/Apr/2019,BHARATIYA JANATA PARTY,*******8244,OC,6211,"1,00,00,000",00691,3300196
243,12/Apr/2019,BHARATIYA JANATA PARTY,*******8244,OC,6243,"1,00,00,000",00691,3300196
244,12/Apr/2019,BHARATIYA JANATA PARTY,*******8244,OC,6225,"1,00,00,000",00691,3300196
245,12/Apr/2019,BHARATIYA JANATA PARTY,*******8244,OC,6245,"1,00,00,000",00691,3300196
246,12/Apr/2019,BHARATIYA JANATA PARTY,*******8244,OC,6230,"1,00,00,000",00691,3300196
247,12/Apr/2019,BHARATIYA JANATA PARTY,*******8244,OC,6204,"1,00,00,000",00691,3300196
248,12/Apr/2019,BHARATIYA JANATA PARTY,*******8244,OC,4582,"1,00,00,000",00691,3300196
249,12/Apr/2019,BHARATIYA JANATA PARTY,*******8244,OC,4584,"1,00,00,000",00691,3300196
250,12/Apr/2019,BHARATIYA JANATA PARTY,*******8244,OC,6222,"1,00,00,000",00691,3300196
251,12/Apr/2019,BHARATIYA JANATA PARTY,*******8244,OC,6232,"1,00,00,000",00691,3300196
252,12/Apr/2019,BHARATIYA JANATA PARTY,*******8244,OC,6246,"1,00,00,000",00691,3300196
253,12/Apr/2019,BHARATIYA JANATA PARTY,*******8244,OC,6248,"1,00,00,000",00691,3300196
254,12/Apr/2019,BHARATIYA JANATA PARTY,*******8244,OC,6206,"1,00,00,000",00691,3300196
255,12/Apr/2019,BHARATIYA JANATA PARTY,*******8244,OC,6210,"1,00,00,000",00691,3300196
256,12/Apr/2019,BHARATIYA JANATA PARTY,*******8244,OC,6228,"1,00,00,000",00691,3300196
257,12/Apr/2019,BHARATIYA JANATA PARTY,*******8244,OC,6242,"1,00,00,000",00691,3300196
258,12/Apr/2019,BHARATIYA JANATA PARTY,*******8244,OC,6215,"1,00,00,000",00691,3300196
259,12/Apr/2019,BHARATIYA JANATA PARTY,*******8244,OC,6216,"1,00,00,000",00691,3300196
260,12/Apr/2019,BHARATIYA JANATA PARTY,*******8244,OC,6236,"1,00,00,000",00691,3300196
261,12/Apr/2019,BHARATIYA JANATA PARTY,*******8244,OC,6202,"1,00,00,000",00691,3300196
262,12/Apr/2019,BHARATIYA JANATA PARTY,*******8244,OC,6249,"1,00,00,000",00691,3300196
263,12/Apr/2019,BHARATIYA JANATA PARTY,*******8244,OC,6218,"1,00,00,000",00691,3300196
264,12/Apr/2019,BHARATIYA JANATA PARTY,*******8244,OC,6224,"1,00,00,000",00691,3300196
265,12/Apr/2019,BHARATIYA JANATA PARTY,*******8244,OC,4585,"1,00,00,000",00691,3300196
266,12/Apr/2019,BHARATIYA JANATA PARTY,*******8244,OC,6229,"1,00,00,000",00691,3300196
267,12/Apr/2019,BHARATIYA JANATA PARTY,*******8244,OC,4575,"1,00,00,000",00691,3300196
268,12/Apr/2019,BHARATIYA JANATA PARTY,*******8244,OC,6223,"1,00,00,000",00691,3300196
269,12/Apr/2019,BHARATIYA JANATA PARTY,*******8244,OC,6250,"1,00,00,000",00691,3300196
270,12/Apr/2019,BHARATIYA JANATA PARTY,*******8244,OC,4594,"1,00,00,000",00691,3300196
271,12/Apr/2019,BHARATIYA JANATA PARTY,*******8244,OC,6201,"1,00,00,000",00691,3300196
272,12/Apr/2019,BHARATIYA JANATA PARTY,*******8244,OC,6205,"1,00,00,000",00691,3300196
273,12/Apr/2019,BHARATIYA JANATA PARTY,*******8244,OC,6208,"1,00,00,000",00691,3300196
274,12/Apr/2019,BHARATIYA JANATA PARTY,*******8244,OC,4561,"1,00,00,000",00691,3300196
275,12/Apr/2019,BHARATIYA JANATA PARTY,*******8244,OC,4595,"1,00,00,000",00691,3300196
276,12/Apr/2019,BHARATIYA JANATA PARTY,*******8244,OC,6220,"1,00,00,000",00691,3300196
277,12/Apr/2019,BHARATIYA JANATA PARTY,*******8244,OC,4583,"1,00,00,000",00691,3300196
278,12/Apr/2019,BHARATIYA JANATA PARTY,*******8244,OC,6212,"1,00,00,000",00691,3300196
279,12/Apr/2019,BHARATIYA JANATA PARTY,*******8244,OC,6219,"1,00,00,000",00691,3300196
280,12/Apr/2019,BHARATIYA JANATA PARTY,*******8244,OC,6239,"1,00,00,000",00691,3300196
281,12/Apr/2019,BHARATIYA JANATA PARTY,*******8244,OC,6234,"1,00,00,000",00691,3300196
282,12/Apr/2019,BHARATIYA JANATA PARTY,*******8244,OC,6235,"1,00,00,000",00691,3300196
283,12/Apr/2019,BHARATIYA JANATA PARTY,*******8244,OC,6244,"1,00,00,000",00691,3300196
284,12/Apr/2019,BHARATIYA JANATA PARTY,*******8244,OC,4593,"1,00,00,000",00691,3300196
285,12/Apr/2019,BHARATIYA JANATA PARTY,*******8244,OC,6237,"1,00,00,000",00691,3300196
286,12/Apr/2019,BHARATIYA JANATA PARTY,*******8244,OC,6209,"1,00,00,000",00691,3300196
287,12/Apr/2019,BHARATIYA JANATA PARTY,*******8244,OC,5708,"1,00,00,000",00691,3300196
288,12/Apr/2019,BHARATIYA JANATA PARTY,*******8244,OC,5712,"1,00,00,000",00691,3300196
289,12/Apr/2019,BHARATIYA JANATA PARTY,*******8244,OC,5717,"1,00,00,000",00691,3300196
290,12/Apr/2019,BHARATIYA JANATA PARTY,*******8244,OC,5720,"1,00,00,000",00691,3300196
291,12/Apr/2019,BHARATIYA JANATA PARTY,*******8244,OC,5704,"1,00,00,000",00691,3300196
292,12/Apr/2019,BHARATIYA JANATA PARTY,*******8244,OC,5722,"1,00,00,000",00691,3300196
293,12/Apr/2019,BHARATIYA JANATA PARTY,*******8244,TL,6832,"10,00,000",00691,3300196
294,12/Apr/2019,BHARATIYA JANATA PARTY,*******8244,TL,6838,"10,00,000",00691,3300196
295,12/Apr/2019,BHARATIYA JANATA PARTY,*******8244,TL,6840,"10,00,000",00691,3300196
296,12/Apr/2019,BHARATIYA JANATA PARTY,*******8244,TL,6836,"10,00,000",00691,3300196
297,12/Apr/2019,BHARATIYA JANATA PARTY,*******8244,TL,6834,"10,00,000",00691,3300196
298,12/Apr/2019,BHARATIYA JANATA PARTY,*******8244,TL,12449,"10,00,000",00691,3627829
299,12/Apr/2019,BHARATIYA JANATA PARTY,*******8244,TL,12415,"10,00,000",00691,3627829
300,12/Apr/2019,BHARATIYA JANATA PARTY,*******8244,TL,12469,"10,00,000",00691,3627829
301,12/Apr/2019,BHARATIYA JANATA PARTY,*******8244,TL,12435,"10,00,000",00691,3627829
302,12/Apr/2019,BHARATIYA JANATA PARTY,*******8244,TL,12473,"10,00,000",00691,3627829
303,12/Apr/2019,BHARATIYA JANATA PARTY,*******8244,TL,12403,"10,00,000",00691,3627829
304,12/Apr/2019,BHARATIYA JANATA PARTY,*******8244,TL,12413,"10,00,000",00691,3627829
305,12/Apr/2019,BHARATIYA JANATA PARTY,*******8244,TL,12417,"10,00,000",00691,3627829
306,12/Apr/2019,BHARATIYA JANATA PARTY,*******8244,TL,12465,"10,00,000",00691,3627829
307,12/Apr/2019,BHARATIYA JANATA PARTY,*******8244,TL,12409,"10,00,000",00691,3627829
308,12/Apr/2019,BHARATIYA JANATA PARTY,*******8244,TL,12433,"10,00,000",00691,3627829
309,12/Apr/2019,BHARATIYA JANATA PARTY,*******8244,TL,12445,"10,00,000",00691,3627829
310,12/Apr/2019,BHARATIYA JANATA PARTY,*******8244,TL,12459,"10,00,000",00691,3627829
311,12/Apr/2019,BHARATIYA JANATA PARTY,*******8244,TL,12425,"10,00,000",00691,3627829
312,12/Apr/2019,BHARATIYA JANATA PARTY,*******8244,TL,12437,"10,00,000",00691,3627829
313,12/Apr/2019,BHARATIYA JANATA PARTY,*******8244,TL,12471,"10,00,000",00691,3627829
314,12/Apr/2019,BHARATIYA JANATA PARTY,*******8244,TL,12405,"10,00,000",00691,3627829
315,12/Apr/2019,BHARATIYA JANATA PARTY,*******8244,TL,12411,"10,00,000",00691,3627829
316,12/Apr/2019,BHARATIYA JANATA PARTY,*******8244,TL,12439,"10,00,000",00691,3627829
317,12/Apr/2019,BHARATIYA JANATA PARTY,*******8244,TL,12447,"10,00,000",00691,3627829
318,12/Apr/2019,BHARATIYA JANATA PARTY,*******8244,TL,12455,"10,00,000",00691,3627829
319,12/Apr/2019,BHARATIYA JANATA PARTY,*******8244,TL,12429,"10,00,000",00691,3627829
320,12/Apr/2019,BHARATIYA JANATA PARTY,*******8244,TL,12431,"10,00,000",00691,3627829
321,12/Apr/2019,BHARATIYA JANATA PARTY,*******8244,TL,12461,"10,00,000",00691,3627829
322,12/Apr/2019,BHARATIYA JANATA PARTY,*******8244,TL,12441,"10,00,000",00691,3627829
323,12/Apr/2019,BHARATIYA JANATA PARTY,*******8244,TL,12463,"10,00,000",00691,3627829
324,12/Apr/2019,BHARATIYA JANATA PARTY,*******8244,TL,12467,"10,00,000",00691,3627829
325,12/Apr/2019,BHARATIYA JANATA PARTY,*******8244,TL,12453,"10,00,000",00691,3627829
326,12/Apr/2019,BHARATIYA JANATA PARTY,*******8244,TL,12475,"10,00,000",00691,3627829
327,12/Apr/2019,BHARATIYA JANATA PARTY,*******8244,TL,12407,"10,00,000",00691,3627829
328,12/Apr/2019,BHARATIYA JANATA PARTY,*******8244,TL,12457,"10,00,000",00691,3627829
329,12/Apr/2019,BHARATIYA JANATA PARTY,*******8244,TL,12477,"10,00,000",00691,3627829
330,12/Apr/2019,BHARATIYA JANATA PARTY,*******8244,TL,12451,"10,00,000",00691,3627829
331,12/Apr/2019,BHARATIYA JANATA PARTY,*******8244,TL,12479,"10,00,000",00691,3627829
332,12/Apr/2019,BHARATIYA JANATA PARTY,*******8244,TL,12421,"10,00,000",00691,3627829
333,12/Apr/2019,BHARATIYA JANATA PARTY,*******8244,TL,12423,"10,00,000",00691,3627829
334,12/Apr/2019,BHARATIYA JANATA PARTY,*******8244,TL,12443,"10,00,000",00691,3627829
335,12/Apr/2019,BHARATIYA JANATA PARTY,*******8244,TL,12419,"10,00,000",00691,3627829
336,12/Apr/2019,BHARATIYA JANATA PARTY,*******8244,TL,12427,"10,00,000",00691,3627829
337,12/Apr/2019,BHARATIYA JANATA PARTY,*******8244,TL,12408,"10,00,000",00691,3627829
338,12/Apr/2019,BHARATIYA JANATA PARTY,*******8244,TL,12398,"10,00,000",00691,3627829
339,12/Apr/2019,BHARATIYA JANATA PARTY,*******8244,TL,12394,"10,00,000",00691,3627829
340,12/Apr/2019,BHARATIYA JANATA PARTY,*******8244,TL,12402,"10,00,000",00691,3627829
341,12/Apr/2019,BHARATIYA JANATA PARTY,*******8244,TL,12396,"10,00,000",00691,3627829
342,12/Apr/2019,BHARATIYA JANATA PARTY,*******8244,TL,12390,"10,00,000",00691,3627829
343,12/Apr/2019,BHARATIYA JANATA PARTY,*******8244,TL,12406,"10,00,000",00691,3627829
344,12/Apr/2019,BHARATIYA JANATA PARTY,*******8244,TL,12404,"10,00,000",00691,3627829
345,12/Apr/2019,BHARATIYA JANATA PARTY,*******8244,TL,12392,"10,00,000",00691,3627829
346,12/Apr/2019,BHARATIYA JANATA PARTY,*******8244,TL,12400,"10,00,000",00691,3627829
347,12/Apr/2019,BHARATIYA JANATA PARTY,*******8244,TL,12472,"10,00,000",00691,3627829
348,12/Apr/2019,BHARATIYA JANATA PARTY,*******8244,TL,12480,"10,00,000",00691,3627829
349,12/Apr/2019,BHARATIYA JANATA PARTY,*******8244,TL,12476,"10,00,000",00691,3627829
350,12/Apr/2019,BHARATIYA JANATA PARTY,*******8244,TL,12474,"10,00,000",00691,3627829
351,12/Apr/2019,BHARATIYA JANATA PARTY,*******8244,TL,12478,"10,00,000",00691,3627829
352,12/Apr/2019,BHARATIYA JANATA PARTY,*******8244,TL,12468,"10,00,000",00691,3627829
353,12/Apr/2019,BHARATIYA JANATA PARTY,*******8244,TL,12484,"10,00,000",00691,3627829
354,12/Apr/2019,BHARATIYA JANATA PARTY,*******8244,TL,12482,"10,00,000",00691,3627829
355,12/Apr/2019,BHARATIYA JANATA PARTY,*******8244,TL,12470,"10,00,000",00691,3627829
356,12/Apr/2019,BHARATIYA JANATA PARTY,*******8244,TL,888,"10,00,000",00691,3300196
357,12/Apr/2019,BHARATIYA JANATA PARTY,*******8244,TL,876,"10,00,000",00691,3300196
358,12/Apr/2019,BHARATIYA JANATA PARTY,*******8244,TL,883,"10,00,000",00691,3300196
359,12/Apr/2019,BHARATIYA JANATA PARTY,*******8244,TL,886,"10,00,000",00691,3300196
360,12/Apr/2019,BHARATIYA JANATA PARTY,*******8244,TL,880,"10,00,000",00691,3300196
361,12/Apr/2019,BHARATIYA JANATA PARTY,*******8244,TL,894,"10,00,000",00691,3300196
362,12/Apr/2019,BHARATIYA JANATA PARTY,*******8244,TL,898,"10,00,000",00691,3300196
363,12/Apr/2019,BHARATIYA JANATA PARTY,*******8244,TL,896,"10,00,000",00691,3300196
364,12/Apr/2019,BHARATIYA JANATA PARTY,*******8244,TL,892,"10,00,000",00691,3300196
365,12/Apr/2019,BHARATIYA JANATA PARTY,*******8244,TL,890,"10,00,000",00691,3300196
366,12/Apr/2019,BHARATIYA JANATA PARTY,*******8244,TL,776,"10,00,000",00691,3300196
367,12/Apr/2019,BHARATIYA JANATA PARTY,*******8244,TL,780,"10,00,000",00691,3627829
368,12/Apr/2019,BHARATIYA JANATA PARTY,*******8244,TL,1627,"10,00,000",00691,3300196
369,12/Apr/2019,BHARATIYA JANATA PARTY,*******8244,TL,1644,"10,00,000",00691,3300196
370,12/Apr/2019,BHARATIYA JANATA PARTY,*******8244,TL,1633,"10,00,000",00691,3300196
371,12/Apr/2019,BHARATIYA JANATA PARTY,*******8244,TL,1646,"10,00,000",00691,3300196
372,12/Apr/2019,BHARATIYA JANATA PARTY,*******8244,TL,1636,"10,00,000",00691,3300196
373,12/Apr/2019,BHARATIYA JANATA PARTY,*******8244,TL,11275,"10,00,000",00691,3300196
374,12/Apr/2019,BHARATIYA JANATA PARTY,*******8244,TL,11276,"10,00,000",00691,3300196
375,12/Apr/2019,BHARATIYA JANATA PARTY,*******8244,TL,11274,"10,00,000",00691,3300196
376,12/Apr/2019,BHARATIYA JANATA PARTY,*******8244,TL,11279,"10,00,000",00691,3300196
377,12/Apr/2019,BHARATIYA JANATA PARTY,*******8244,TL,11280,"10,00,000",00691,3300196
378,12/Apr/2019,BHARATIYA JANATA PARTY,*******8244,TL,11278,"10,00,000",00691,3300196
379,12/Apr/2019,BHARATIYA JANATA PARTY,*******8244,TL,11266,"10,00,000",00691,3300196
380,12/Apr/2019,BHARATIYA JANATA PARTY,*******8244,TL,11272,"10,00,000",00691,3300196
381,12/Apr/2019,BHARATIYA JANATA PARTY,*******8244,TL,11273,"10,00,000",00691,3300196
382,12/Apr/2019,BHARATIYA JANATA PARTY,*******8244,TL,11271,"10,00,000",00691,3300196
383,12/Apr/2019,BHARATIYA JANATA PARTY,*******8244,TL,10835,"10,00,000",00691,3300196
384,12/Apr/2019,BHARATIYA JANATA PARTY,*******8244,TL,10834,"10,00,000",00691,3300196
385,12/Apr/2019,BHARATIYA JANATA PARTY,*******8244,TL,10837,"10,00,000",00691,3627829
386,12/Apr/2019,BHARATIYA JANATA PARTY,*******8244,TL,10833,"10,00,000",00691,3300196
387,12/Apr/2019,BHARATIYA JANATA PARTY,*******8244,TL,10836,"10,00,000",00691,3300196
388,12/Apr/2019,BHARATIYA JANATA PARTY,*******8244,TL,10872,"10,00,000",00691,3300196
389,12/Apr/2019,BHARATIYA JANATA PARTY,*******8244,TL,10875,"10,00,000",00691,3300196
390,12/Apr/2019,BHARATIYA JANATA PARTY,*******8244,TL,10851,"10,00,000",00691,3300196
391,12/Apr/2019,BHARATIYA JANATA PARTY,*******8244,TL,10873,"10,00,000",00691,3627829
392,12/Apr/2019,BHARATIYA JANATA PARTY,*******8244,TL,10874,"10,00,000",00691,3300196
393,12/Apr/2019,BHARATIYA JANATA PARTY,*******8244,TL,11343,"10,00,000",00691,3300196
394,12/Apr/2019,BHARATIYA JANATA PARTY,*******8244,TL,11328,"10,00,000",00691,3300196
395,12/Apr/2019,BHARATIYA JANATA PARTY,*******8244,TL,11342,"10,00,000",00691,3300196
396,12/Apr/2019,BHARATIYA JANATA PARTY,*******8244,TL,11346,"10,00,000",00691,3300196
397,12/Apr/2019,BHARATIYA JANATA PARTY,*******8244,TL,11330,"10,00,000",00691,3300196
398,12/Apr/2019,BHARATIYA JANATA PARTY,*******8244,TL,11339,"10,00,000",00691,3300196
399,12/Apr/2019,BHARATIYA JANATA PARTY,*******8244,TL,11329,"10,00,000",00691,3300196
400,12/Apr/2019,BHARATIYA JANATA PARTY,*******8244,TL,11347,"10,00,000",00691,3300196
401,12/Apr/2019,BHARATIYA JANATA PARTY,*******8244,TL,11331,"10,00,000",00691,3300196
402,12/Apr/2019,BHARATIYA JANATA PARTY,*******8244,TL,11335,"10,00,000",00691,3300196
403,12/Apr/2019,BHARATIYA JANATA PARTY,*******8244,TL,11340,"10,00,000",00691,3300196
404,12/Apr/2019,BHARATIYA JANATA PARTY,*******8244,TL,11344,"10,00,000",00691,3627829
405,12/Apr/2019,BHARATIYA JANATA PARTY,*******8244,TL,11336,"10,00,000",00691,3300196
406,12/Apr/2019,BHARATIYA JANATA PARTY,*******8244,TL,11338,"10,00,000",00691,3300196
407,12/Apr/2019,BHARATIYA JANATA PARTY,*******8244,TL,11334,"10,00,000",00691,3300196
408,12/Apr/2019,BHARATIYA JANATA PARTY,*******8244,TL,11341,"10,00,000",00691,3300196
409,12/Apr/2019,BHARATIYA JANATA PARTY,*******8244,TL,11327,"10,00,000",00691,3300196
410,12/Apr/2019,BHARATIYA JANATA PARTY,*******8244,TL,11332,"10,00,000",00691,3300196
411,12/Apr/2019,BHARATIYA JANATA PARTY,*******8244,TL,11345,"10,00,000",00691,3300196
412,12/Apr/2019,BHARATIYA JANATA PARTY,*******8244,TL,11333,"10,00,000",00691,3300196
413,12/Apr/2019,BHARATIYA JANATA PARTY,*******8244,TL,10538,"10,00,000",00691,3300196
414,12/Apr/2019,BHARATIYA JANATA PARTY,*******8244,TL,10547,"10,00,000",00691,3300196
415,12/Apr/2019,BHARATIYA JANATA PARTY,*******8244,TL,10542,"10,00,000",00691,3300196
416,12/Apr/2019,BHARATIYA JANATA PARTY,*******8244,TL,10544,"10,00,000",00691,3300196
417,12/Apr/2019,BHARATIYA JANATA PARTY,*******8244,TL,10549,"10,00,000",00691,3300196
418,12/Apr/2019,BHARATIYA JANATA PARTY,*******8244,TL,10510,"10,00,000",00691,3300196
419,12/Apr/2019,BHARATIYA JANATA PARTY,*******8244,TL,10506,"10,00,000",00691,3300196
420,12/Apr/2019,BHARATIYA JANATA PARTY,*******8244,TL,10508,"10,00,000",00691,3300196
421,12/Apr/2019,BHARATIYA JANATA PARTY,*******8244,TL,10502,"10,00,000",00691,3300196
422,12/Apr/2019,BHARATIYA JANATA PARTY,*******8244,TL,10504,"10,00,000",00691,3300196
423,12/Apr/2019,BHARATIYA JANATA PARTY,*******8244,TL,10528,"10,00,000",00691,3300196
424,12/Apr/2019,BHARATIYA JANATA PARTY,*******8244,TL,10536,"10,00,000",00691,3300196
425,12/Apr/2019,BHARATIYA JANATA PARTY,*******8244,TL,10530,"10,00,000",00691,3300196
426,12/Apr/2019,BHARATIYA JANATA PARTY,*******8244,TL,10534,"10,00,000",00691,3300196
427,12/Apr/2019,BHARATIYA JANATA PARTY,*******8244,TL,10525,"10,00,000",00691,3300196
428,12/Apr/2019,BHARATIYA JANATA PARTY,*******8244,TL,10514,"10,00,000",00691,3300196
429,12/Apr/2019,BHARATIYA JANATA PARTY,*******8244,TL,10521,"10,00,000",00691,3300196
430,12/Apr/2019,BHARATIYA JANATA PARTY,*******8244,TL,10512,"10,00,000",00691,3300196
431,12/Apr/2019,BHARATIYA JANATA PARTY,*******8244,TL,10519,"10,00,000",00691,3300196
432,12/Apr/2019,BHARATIYA JANATA PARTY,*******8244,TL,10516,"10,00,000",00691,3300196
433,12/Apr/2019,BHARATIYA JANATA PARTY,*******8244,OL,2124,"1,00,000",00691,3627829
434,12/Apr/2019,BHARATIYA JANATA PARTY,*******8244,OL,2132,"1,00,000",00691,3627829
435,12/Apr/2019,BHARATIYA JANATA PARTY,*******8244,OL,2122,"1,00,000",00691,3627829
436,12/Apr/2019,BHARATIYA JANATA PARTY,*******8244,OL,2126,"1,00,000",00691,3627829
437,12/Apr/2019,BHARATIYA JANATA PARTY,*******8244,OL,2128,"1,00,000",00691,3627829
438,12/Apr/2019,BHARATIYA JANATA PARTY,*******8244,OL,2134,"1,00,000",00691,3627829
439,12/Apr/2019,BHARATIYA JANATA PARTY,*******8244,OL,2130,"1,00,000",00691,3627829
440,12/Apr/2019,BHARATIYA JANATA PARTY,*******8244,OL,2136,"1,00,000",00691,3627829
441,12/Apr/2019,BHARATIYA JANATA PARTY,*******8244,OL,2140,"1,00,000",00691,3627829
442,12/Apr/2019,BHARATIYA JANATA PARTY,*******8244,OL,2138,"1,00,000",00691,3627829
443,12/Apr/2019,BHARATIYA JANATA PARTY,*******8244,OL,2149,"1,00,000",00691,3627829
444,12/Apr/2019,BHARATIYA JANATA PARTY,*******8244,OL,2131,"1,00,000",00691,3627829
445,12/Apr/2019,BHARATIYA JANATA PARTY,*******8244,OL,2145,"1,00,000",00691,3627829
446,12/Apr/2019,BHARATIYA JANATA PARTY,*******8244,OL,2135,"1,00,000",00691,3627829
447,12/Apr/2019,BHARATIYA JANATA PARTY,*******8244,OL,2141,"1,00,000",00691,3627829
448,12/Apr/2019,BHARATIYA JANATA PARTY,*******8244,OL,2137,"1,00,000",00691,3627829
449,12/Apr/2019,BHARATIYA JANATA PARTY,*******8244,OL,2139,"1,00,000",00691,3627829
450,12/Apr/2019,BHARATIYA JANATA PARTY,*******8244,OL,2143,"1,00,000",00691,3627829
451,12/Apr/2019,BHARATIYA JANATA PARTY,*******8244,OL,2133,"1,00,000",00691,3627829
452,12/Apr/2019,BHARATIYA JANATA PARTY,*******8244,OL,2147,"1,00,000",00691,3627829
453,12/Apr/2019,BHARATIYA JANATA PARTY,*******8244,OL,3056,"1,00,000",00691,3300196
454,12/Apr/2019,BHARATIYA JANATA PARTY,*******8244,OL,3059,"1,00,000",00691,3300196
455,12/Apr/2019,BHARATIYA JANATA PARTY,*******8244,OL,3064,"1,00,000",00691,3300196
456,12/Apr/2019,BHARATIYA JANATA PARTY,*******8244,OL,3053,"1,00,000",00691,3300196
457,12/Apr/2019,BHARATIYA JANATA PARTY,*******8244,OL,3062,"1,00,000",00691,3300196
458,12/Apr/2019,BHARATIYA JANATA PARTY,*******8244,OL,3101,"1,00,000",00691,3300196
459,12/Apr/2019,BHARATIYA JANATA PARTY,*******8244,OL,3102,"1,00,000",00691,3300196
460,12/Apr/2019,BHARATIYA JANATA PARTY,*******8244,OL,3106,"1,00,000",00691,3300196
461,12/Apr/2019,BHARATIYA JANATA PARTY,*******8244,OL,3105,"1,00,000",00691,3300196
462,12/Apr/2019,BHARATIYA JANATA PARTY,*******8244,OL,3103,"1,00,000",00691,3300196
463,12/Apr/2019,"PRESIDENT, ALL INDIA CONGRESS COMMITTEE",*******4012,OC,2586,"1,00,00,000",00691,3627829
464,12/Apr/2019,"PRESIDENT, ALL INDIA CONGRESS COMMITTEE",*******4012,OC,2603,"1,00,00,000",00691,3627829
465,12/Apr/2019,"PRESIDENT, ALL INDIA CONGRESS COMMITTEE",*******4012,OC,5253,"1,00,00,000",00691,3627829
466,12/Apr/2019,"PRESIDENT, ALL INDIA CONGRESS COMMITTEE",*******4012,OC,5252,"1,00,00,000",00691,3627829
467,12/Apr/2019,"PRESIDENT, ALL INDIA CONGRESS COMMITTEE",*******4012,OC,5255,"1,00,00,000",00691,3627829
468,12/Apr/2019,"PRESIDENT, ALL INDIA CONGRESS COMMITTEE",*******4012,OC,5251,"1,00,00,000",00691,3627829
469,12/Apr/2019,"PRESIDENT, ALL INDIA CONGRESS COMMITTEE",*******4012,OC,5254,"1,00,00,000",00691,3627829
470,12/Apr/2019,"PRESIDENT, ALL INDIA CONGRESS COMMITTEE",*******4012,OC,5257,"1,00,00,000",00691,3627829
471,12/Apr/2019,"PRESIDENT, ALL INDIA CONGRESS COMMITTEE",*******4012,OC,5258,"1,00,00,000",00691,3627829
472,12/Apr/2019,"PRESIDENT, ALL INDIA CONGRESS COMMITTEE",*******4012,TL,11010,"10,00,000",00691,3300196
473,12/Apr/2019,"PRESIDENT, ALL INDIA CONGRESS COMMITTEE",*******4012,TL,11004,"10,00,000",00691,3300196
474,12/Apr/2019,"PRESIDENT, ALL INDIA CONGRESS COMMITTEE",*******4012,TL,11006,"10,00,000",00691,3300196
475,12/Apr/2019,"PRESIDENT, ALL INDIA CONGRESS COMMITTEE",*******4012,TL,11002,"10,00,000",00691,3300196
476,12/Apr/2019,"PRESIDENT, ALL INDIA CONGRESS COMMITTEE",*******4012,TL,11008,"10,00,000",00691,3300196
477,12/Apr/2019,"PRESIDENT, ALL INDIA CONGRESS COMMITTEE",*******4012,TL,772,"10,00,000",00691,3300196
478,12/Apr/2019,"PRESIDENT, ALL INDIA CONGRESS COMMITTEE",*******4012,TL,774,"10,00,000",00691,3300196
479,12/Apr/2019,"PRESIDENT, ALL INDIA CONGRESS COMMITTEE",*******4012,TL,770,"10,00,000",00691,3300196
480,12/Apr/2019,"PRESIDENT, ALL INDIA CONGRESS COMMITTEE",*******4012,TL,766,"10,00,000",00691,3300196
481,12/Apr/2019,"PRESIDENT, ALL INDIA CONGRESS COMMITTEE",*******4012,TL,768,"10,00,000",00691,3300196
482,12/Apr/2019,"PRESIDENT, ALL INDIA CONGRESS COMMITTEE",*******4012,TL,7523,"10,00,000",00691,3300196
483,12/Apr/2019,SHIVSENA,*******4444,OC,6639,"1,00,00,000",00300,6283527
484,12/Apr/2019,SHIVSENA,*******4444,OC,6633,"1,00,00,000",00300,6283527
485,12/Apr/2019,SHIVSENA,*******4444,TL,6859,"10,00,000",00300,6283527
486,12/Apr/2019,SHIVSENA,*******4444,TL,6857,"10,00,000",00300,6283527
487,12/Apr/2019,SHIVSENA,*******4444,TL,6861,"10,00,000",00300,6283527
488,12/Apr/2019,SHIVSENA,*******4444,TL,6853,"10,00,000",00300,6283527
489,12/Apr/2019,SHIVSENA,*******4444,TL,6855,"10,00,000",00300,6283527
490,12/Apr/2019,SHIVSENA,*******4444,TL,12332,"10,00,000",00300,6283527
491,12/Apr/2019,SHIVSENA,*******4444,TL,12330,"10,00,000",00300,6283527
492,12/Apr/2019,SHIVSENA,*******4444,TL,12428,"10,00,000",00300,6283527
493,12/Apr/2019,SHIVSENA,*******4444,TL,12426,"10,00,000",00300,6283527
494,12/Apr/2019,SHIVSENA,*******4444,TL,12424,"10,00,000",00300,6283527
495,12/Apr/2019,SHIVSENA,*******4444,TL,12430,"10,00,000",00300,6283527
496,12/Apr/2019,SHIVSENA,*******4444,TL,12422,"10,00,000",00300,6283527
497,12/Apr/2019,SHIVSENA,*******4444,TL,12490,"10,00,000",00300,6283527
498,12/Apr/2019,SHIVSENA,*******4444,TL,12486,"10,00,000",00300,6283527
499,12/Apr/2019,SHIVSENA,*******4444,TL,12495,"10,00,000",00300,6283527
500,12/Apr/2019,SHIVSENA,*******4444,TL,12488,"10,00,000",00300,6283527
501,12/Apr/2019,SHIVSENA,*******4444,TL,12499,"10,00,000",00300,6283527
502,12/Apr/2019,TELUGU DESAM PARTY,*******3067,TL,12011,"10,00,000",00847,3367975
503,12/Apr/2019,TELUGU DESAM PARTY,*******3067,TL,12009,"10,00,000",00847,3367975
504,12/Apr/2019,TELUGU DESAM PARTY,*******3067,TL,12030,"10,00,000",00847,3367975
505,12/Apr/2019,YSR CONGRESS PARTY (YUVAJANA SRAMIKA RYTHU CONGRESS PARTY),*******6354,OC,4272,"1,00,00,000",00847,3367975
506,12/Apr/2019,YSR CONGRESS PARTY (YUVAJANA SRAMIKA RYTHU CONGRESS PARTY),*******6354,OC,4536,"1,00,00,000",00847,3367975
507,12/Apr/2019,YSR CONGRESS PARTY (YUVAJANA SRAMIKA RYTHU CONGRESS PARTY),*******6354,OC,4526,"1,00,00,000",00847,3367975
508,12/Apr/2019,YSR CONGRESS PARTY (YUVAJANA SRAMIKA RYTHU CONGRESS PARTY),*******6354,OC,4538,"1,00,00,000",00847,3367975
509,12/Apr/2019,YSR CONGRESS PARTY (YUVAJANA SRAMIKA RYTHU CONGRESS PARTY),*******6354,OC,4518,"1,00,00,000",00847,3367975
510,12/Apr/2019,YSR CONGRESS PARTY (YUVAJANA SRAMIKA RYTHU CONGRESS PARTY),*******6354,OC,5353,"1,00,00,000",00847,3367975
511,12/Apr/2019,YSR CONGRESS PARTY (YUVAJANA SRAMIKA RYTHU CONGRESS PARTY),*******6354,TL,7536,"10,00,000",00847,3367975
512,12/Apr/2019,YSR CONGRESS PARTY (YUVAJANA SRAMIKA RYTHU CONGRESS PARTY),*******6354,TL,7538,"10,00,000",00847,3367975
513,12/Apr/2019,YSR CONGRESS PARTY (YUVAJANA SRAMIKA RYTHU CONGRESS PARTY),*******6354,OL,23624,"1,00,000",00847,3367975
514,12/Apr/2019,YSR CONGRESS PARTY (YUVAJANA SRAMIKA RYTHU CONGRESS PARTY),*******6354,OL,23620,"1,00,000",00847,3367975
515,12/Apr/2019,YSR CONGRESS PARTY (YUVAJANA SRAMIKA RYTHU CONGRESS PARTY),*******6354,OL,23618,"1,00,000",00847,3367975
516,12/Apr/2019,YSR CONGRESS PARTY (YUVAJANA SRAMIKA RYTHU CONGRESS PARTY),*******6354,OL,23622,"1,00,000",00847,3367975
517,12/Apr/2019,YSR CONGRESS PARTY (YUVAJANA SRAMIKA RYTHU CONGRESS PARTY),*******6354,OL,23626,"1,00,000",00847,3367975
518,15/Apr/2019,ALL INDIA ANNA DRAVIDA MUNNETRA KAZHAGAM,*******5199,OL,162,"1,00,000",00800,2770121
519,15/Apr/2019,ALL INDIA ANNA DRAVIDA MUNNETRA KAZHAGAM,*******5199,OL,187,"1,00,000",00800,2770121
520,15/Apr/2019,ALL INDIA ANNA DRAVIDA MUNNETRA KAZHAGAM,*******5199,OL,174,"1,00,000",00800,2770121
521,15/Apr/2019,ALL INDIA ANNA DRAVIDA MUNNETRA KAZHAGAM,*******5199,OL,179,"1,00,000",00800,2770121
522,15/Apr/2019,ALL INDIA ANNA DRAVIDA MUNNETRA KAZHAGAM,*******5199,OL,165,"1,00,000",00800,2770121
523,15/Apr/2019,BHARATIYA JANATA PARTY,*******8244,OC,4314,"1,00,00,000",00691,4567455
524,15/Apr/2019,BHARATIYA JANATA PARTY,*******8244,OC,4318,"1,00,00,000",00691,4567455
525,15/Apr/2019,BHARATIYA JANATA PARTY,*******8244,OC,4316,"1,00,00,000",00691,4567455
526,15/Apr/2019,BHARATIYA JANATA PARTY,*******8244,OC,3676,"1,00,00,000",00691,4567455
527,15/Apr/2019,BHARATIYA JANATA PARTY,*******8244,OC,3679,"1,00,00,000",00691,4567455
528,15/Apr/2019,BHARATIYA JANATA PARTY,*******8244,OC,3680,"1,00,00,000",00691,4567455
529,15/Apr/2019,BHARATIYA JANATA PARTY,*******8244,OC,3682,"1,00,00,000",00691,4567455
530,15/Apr/2019,BHARATIYA JANATA PARTY,*******8244,OC,3681,"1,00,00,000",00691,4567455
531,15/Apr/2019,BHARATIYA JANATA PARTY,*******8244,OC,2617,"1,00,00,000",00691,4567455
532,15/Apr/2019,BHARATIYA JANATA PARTY,*******8244,OC,2602,"1,00,00,000",00691,4567455
533,15/Apr/2019,BHARATIYA JANATA PARTY,*******8244,OC,2594,"1,00,00,000",00691,4567455
534,15/Apr/2019,BHARATIYA JANATA PARTY,*******8244,OC,2595,"1,00,00,000",00691,4567455
535,15/Apr/2019,BHARATIYA JANATA PARTY,*******8244,OC,4512,"1,00,00,000",00691,4567455
536,15/Apr/2019,BHARATIYA JANATA PARTY,*******8244,OC,4519,"1,00,00,000",00691,4567455
537,15/Apr/2019,BHARATIYA JANATA PARTY,*******8244,OC,2597,"1,00,00,000",00691,4567455
538,15/Apr/2019,BHARATIYA JANATA PARTY,*******8244,OC,4532,"1,00,00,000",00691,4567455
539,15/Apr/2019,BHARATIYA JANATA PARTY,*******8244,OC,4511,"1,00,00,000",00691,4567455
540,15/Apr/2019,BHARATIYA JANATA PARTY,*******8244,OC,4533,"1,00,00,000",00691,4567455
541,15/Apr/2019,BHARATIYA JANATA PARTY,*******8244,OC,4523,"1,00,00,000",00691,4567455
542,15/Apr/2019,BHARATIYA JANATA PARTY,*******8244,OC,4508,"1,00,00,000",00691,4567455
543,15/Apr/2019,BHARATIYA JANATA PARTY,*******8244,OC,4530,"1,00,00,000",00691,4567455
544,15/Apr/2019,BHARATIYA JANATA PARTY,*******8244,OC,4514,"1,00,00,000",00691,4567455
545,15/Apr/2019,BHARATIYA JANATA PARTY,*******8244,OC,4516,"1,00,00,000",00691,4567455
546,15/Apr/2019,BHARATIYA JANATA PARTY,*******8244,OC,4534,"1,00,00,000",00691,4567455
547,15/Apr/2019,BHARATIYA JANATA PARTY,*******8244,OC,2598,"1,00,00,000",00691,4567455
548,15/Apr/2019,BHARATIYA JANATA PARTY,*******8244,OC,4520,"1,00,00,000",00691,4567455
549,15/Apr/2019,BHARATIYA JANATA PARTY,*******8244,OC,4513,"1,00,00,000",00691,4567455
550,15/Apr/2019,BHARATIYA JANATA PARTY,*******8244,OC,4515,"1,00,00,000",00691,4567455
551,15/Apr/2019,BHARATIYA JANATA PARTY,*******8244,OC,4524,"1,00,00,000",00691,4567455
552,15/Apr/2019,BHARATIYA JANATA PARTY,*******8244,OC,2599,"1,00,00,000",00691,4567455
553,15/Apr/2019,BHARATIYA JANATA PARTY,*******8244,OC,4517,"1,00,00,000",00691,4567455
554,15/Apr/2019,BHARATIYA JANATA PARTY,*******8244,OC,4521,"1,00,00,000",00691,4567455
555,15/Apr/2019,BHARATIYA JANATA PARTY,*******8244,OC,4527,"1,00,00,000",00691,4567455
556,15/Apr/2019,BHARATIYA JANATA PARTY,*******8244,OC,2600,"1,00,00,000",00691,4567455
557,15/Apr/2019,BHARATIYA JANATA PARTY,*******8244,OC,4529,"1,00,00,000",00691,4567455
558,15/Apr/2019,BHARATIYA JANATA PARTY,*******8244,OC,4525,"1,00,00,000",00691,4567455
559,15/Apr/2019,BHARATIYA JANATA PARTY,*******8244,OC,4531,"1,00,00,000",00691,4567455
560,15/Apr/2019,BHARATIYA JANATA PARTY,*******8244,OC,4522,"1,00,00,000",00691,4567455
561,15/Apr/2019,BHARATIYA JANATA PARTY,*******8244,OC,4528,"1,00,00,000",00691,4567455
562,15/Apr/2019,BHARATIYA JANATA PARTY,*******8244,OC,5165,"1,00,00,000",00691,4567455
563,15/Apr/2019,BHARATIYA JANATA PARTY,*******8244,OC,5167,"1,00,00,000",00691,4567455
564,15/Apr/2019,BHARATIYA JANATA PARTY,*******8244,OC,5166,"1,00,00,000",00691,4567455
565,15/Apr/2019,BHARATIYA JANATA PARTY,*******8244,OC,5259,"1,00,00,000",00691,4567455
566,15/Apr/2019,BHARATIYA JANATA PARTY,*******8244,TL,6871,"10,00,000",00691,4567455
567,15/Apr/2019,BHARATIYA JANATA PARTY,*******8244,TL,6865,"10,00,000",00691,4567455
568,15/Apr/2019,BHARATIYA JANATA PARTY,*******8244,TL,6863,"10,00,000",00691,4567455
569,15/Apr/2019,BHARATIYA JANATA PARTY,*******8244,TL,6867,"10,00,000",00691,4567455
570,15/Apr/2019,BHARATIYA JANATA PARTY,*******8244,TL,6869,"10,00,000",00691,4567455
571,15/Apr/2019,BHARATIYA JANATA PARTY,*******8244,TL,12372,"10,00,000",00691,4567455
572,15/Apr/2019,BHARATIYA JANATA PARTY,*******8244,TL,12366,"10,00,000",00691,4567455
573,15/Apr/2019,BHARATIYA JANATA PARTY,*******8244,TL,12380,"10,00,000",00691,4567455
574,15/Apr/2019,BHARATIYA JANATA PARTY,*******8244,TL,12382,"10,00,000",00691,4567455
575,15/Apr/2019,BHARATIYA JANATA PARTY,*******8244,TL,12376,"10,00,000",00691,4567455
576,15/Apr/2019,BHARATIYA JANATA PARTY,*******8244,TL,12374,"10,00,000",00691,4567455
577,15/Apr/2019,BHARATIYA JANATA PARTY,*******8244,TL,12368,"10,00,000",00691,4567455
578,15/Apr/2019,BHARATIYA JANATA PARTY,*******8244,TL,12370,"10,00,000",00691,4567455
579,15/Apr/2019,BHARATIYA JANATA PARTY,*******8244,TL,12378,"10,00,000",00691,4567455
580,15/Apr/2019,BHARATIYA JANATA PARTY,*******8244,TL,12362,"10,00,000",00691,4567455
581,15/Apr/2019,BHARATIYA JANATA PARTY,*******8244,TL,12360,"10,00,000",00691,4567455
582,15/Apr/2019,BHARATIYA JANATA PARTY,*******8244,TL,12377,"10,00,000",00691,4567455
583,15/Apr/2019,BHARATIYA JANATA PARTY,*******8244,TL,12364,"10,00,000",00691,4567455
584,15/Apr/2019,BHARATIYA JANATA PARTY,*******8244,TL,12381,"10,00,000",00691,4567455
585,15/Apr/2019,BHARATIYA JANATA PARTY,*******8244,TL,12379,"10,00,000",00691,4567455
586,15/Apr/2019,BHARATIYA JANATA PARTY,*******8244,TL,12803,"10,00,000",00691,4567455
587,15/Apr/2019,BHARATIYA JANATA PARTY,*******8244,TL,12491,"10,00,000",00691,4567455
588,15/Apr/2019,BHARATIYA JANATA PARTY,*******8244,TL,12497,"10,00,000",00691,4567455
589,15/Apr/2019,BHARATIYA JANATA PARTY,*******8244,TL,12801,"10,00,000",00691,4567455
590,15/Apr/2019,BHARATIYA JANATA PARTY,*******8244,TL,12493,"10,00,000",00691,4567455
591,15/Apr/2019,BHARATIYA JANATA PARTY,*******8244,TL,11226,"10,00,000",00691,4567455
592,15/Apr/2019,BHARATIYA JANATA PARTY,*******8244,TL,11229,"10,00,000",00691,4567455
593,15/Apr/2019,BHARATIYA JANATA PARTY,*******8244,TL,11231,"10,00,000",00691,4567455
594,15/Apr/2019,BHARATIYA JANATA PARTY,*******8244,TL,11230,"10,00,000",00691,4567455
595,15/Apr/2019,BHARATIYA JANATA PARTY,*******8244,TL,11227,"10,00,000",00691,4567455
596,15/Apr/2019,BHARATIYA JANATA PARTY,*******8244,TL,11250,"10,00,000",00691,4567455
597,15/Apr/2019,BHARATIYA JANATA PARTY,*******8244,TL,11254,"10,00,000",00691,4567455
598,15/Apr/2019,BHARATIYA JANATA PARTY,*******8244,TL,11260,"10,00,000",00691,4567455
599,15/Apr/2019,BHARATIYA JANATA PARTY,*******8244,TL,11256,"10,00,000",00691,4567455
600,15/Apr/2019,BHARATIYA JANATA PARTY,*******8244,TL,11258,"10,00,000",00691,4567455
601,15/Apr/2019,BHARATIYA JANATA PARTY,*******8244,TL,11252,"10,00,000",00691,4567455
602,15/Apr/2019,BHARATIYA JANATA PARTY,*******8244,TL,11251,"10,00,000",00691,4567455
603,15/Apr/2019,BHARATIYA JANATA PARTY,*******8244,TL,11259,"10,00,000",00691,4567455
604,15/Apr/2019,BHARATIYA JANATA PARTY,*******8244,TL,11257,"10,00,000",00691,4567455
605,15/Apr/2019,BHARATIYA JANATA PARTY,*******8244,TL,11253,"10,00,000",00691,4567455
606,15/Apr/2019,BHARATIYA JANATA PARTY,*******8244,TL,3231,"10,00,000",00691,4567455
607,15/Apr/2019,BHARATIYA JANATA PARTY,*******8244,TL,3237,"10,00,000",00691,4567455
608,15/Apr/2019,BHARATIYA JANATA PARTY,*******8244,TL,3241,"10,00,000",00691,4567455
609,15/Apr/2019,BHARATIYA JANATA PARTY,*******8244,TL,3240,"10,00,000",00691,4567455
610,15/Apr/2019,BHARATIYA JANATA PARTY,*******8244,TL,3227,"10,00,000",00691,4567455
611,15/Apr/2019,BHARATIYA JANATA PARTY,*******8244,TL,3235,"10,00,000",00691,4567455
612,15/Apr/2019,BHARATIYA JANATA PARTY,*******8244,TL,3239,"10,00,000",00691,4567455
613,15/Apr/2019,BHARATIYA JANATA PARTY,*******8244,TL,3242,"10,00,000",00691,4567455
614,15/Apr/2019,BHARATIYA JANATA PARTY,*******8244,TL,3229,"10,00,000",00691,4567455
615,15/Apr/2019,BHARATIYA JANATA PARTY,*******8244,TL,3233,"10,00,000",00691,4567455
616,15/Apr/2019,BHARATIYA JANATA PARTY,*******8244,TL,12026,"10,00,000",00691,4567455
617,15/Apr/2019,BHARATIYA JANATA PARTY,*******8244,TL,12028,"10,00,000",00691,4567455
618,15/Apr/2019,BHARATIYA JANATA PARTY,*******8244,TL,12022,"10,00,000",00691,4567455
619,15/Apr/2019,BHARATIYA JANATA PARTY,*******8244,TL,12027,"10,00,000",00691,4567455
620,15/Apr/2019,BHARATIYA JANATA PARTY,*******8244,TL,12024,"10,00,000",00691,4567455
621,15/Apr/2019,BHARATIYA JANATA PARTY,*******8244,TL,10900,"10,00,000",00691,4567455
622,15/Apr/2019,BHARATIYA JANATA PARTY,*******8244,TL,10899,"10,00,000",00691,4567455
623,15/Apr/2019,BHARATIYA JANATA PARTY,*******8244,TL,10901,"10,00,000",00691,4567455
624,15/Apr/2019,BHARATIYA JANATA PARTY,*******8244,TL,10898,"10,00,000",00691,4567455
625,15/Apr/2019,BHARATIYA JANATA PARTY,*******8244,TL,10897,"10,00,000",00691,4567455
626,15/Apr/2019,BHARATIYA JANATA PARTY,*******8244,TL,9424,"10,00,000",00691,4567455
627,15/Apr/2019,BHARATIYA JANATA PARTY,*******8244,TL,9421,"10,00,000",00691,4567455
628,15/Apr/2019,BHARATIYA JANATA PARTY,*******8244,TL,9427,"10,00,000",00691,4567455
629,15/Apr/2019,BHARATIYA JANATA PARTY,*******8244,TL,9419,"10,00,000",00691,4567455
630,15/Apr/2019,BHARATIYA JANATA PARTY,*******8244,TL,9415,"10,00,000",00691,4567455
631,15/Apr/2019,BHARATIYA JANATA PARTY,*******8244,TL,9423,"10,00,000",00691,4567455
632,15/Apr/2019,BHARATIYA JANATA PARTY,*******8244,TL,9425,"10,00,000",00691,4567455
633,15/Apr/2019,BHARATIYA JANATA PARTY,*******8244,TL,9422,"10,00,000",00691,4567455
634,15/Apr/2019,BHARATIYA JANATA PARTY,*******8244,TL,9426,"10,00,000",00691,4567455
635,15/Apr/2019,BHARATIYA JANATA PARTY,*******8244,TL,9420,"10,00,000",00691,4567455
636,15/Apr/2019,BHARATIYA JANATA PARTY,*******8244,OL,3063,"1,00,000",00691,4567455
637,15/Apr/2019,BHARATIYA JANATA PARTY,*******8244,OL,3073,"1,00,000",00691,4567455
638,15/Apr/2019,BHARATIYA JANATA PARTY,*******8244,OL,3085,"1,00,000",00691,4567455
639,15/Apr/2019,BHARATIYA JANATA PARTY,*******8244,OL,3071,"1,00,000",00691,4567455
640,15/Apr/2019,BHARATIYA JANATA PARTY,*******8244,OL,3097,"1,00,000",00691,4567455
641,15/Apr/2019,DRAVIDA MUNNETRA KAZHAGAM (DMK),*******8935,OC,2604,"1,00,00,000",00800,2770121
642,15/Apr/2019,DRAVIDA MUNNETRA KAZHAGAM (DMK),*******8935,OC,5361,"1,00,00,000",00800,2770121
643,15/Apr/2019,DRAVIDA MUNNETRA KAZHAGAM (DMK),*******8935,OC,5734,"1,00,00,000",00800,2770121
644,15/Apr/2019,DRAVIDA MUNNETRA KAZHAGAM (DMK),*******8935,OC,5740,"1,00,00,000",00800,2770121
645,15/Apr/2019,DRAVIDA MUNNETRA KAZHAGAM (DMK),*******8935,OC,5742,"1,00,00,000",00800,2770121
646,15/Apr/2019,DRAVIDA MUNNETRA KAZHAGAM (DMK),*******8935,OC,5737,"1,00,00,000",00800,2770121
647,15/Apr/2019,DRAVIDA MUNNETRA KAZHAGAM (DMK),*******8935,OC,5745,"1,00,00,000",00800,2770121
648,15/Apr/2019,JANATA DAL ( SECULAR ),*******3286,TL,11222,"10,00,000",00691,3627829
649,15/Apr/2019,JANATA DAL ( SECULAR ),*******3286,TL,11224,"10,00,000",00691,3627829
650,15/Apr/2019,JANATA DAL ( SECULAR ),*******3286,TL,11221,"10,00,000",00691,3627829
651,15/Apr/2019,JANATA DAL ( SECULAR ),*******3286,TL,11225,"10,00,000",00691,3627829
652,15/Apr/2019,JANATA DAL ( SECULAR ),*******3286,TL,11223,"10,00,000",00691,3627829
653,15/Apr/2019,JANATA DAL ( SECULAR ),*******3286,TL,7528,"10,00,000",00691,3627829
654,15/Apr/2019,JANATA DAL ( SECULAR ),*******3286,TL,7530,"10,00,000",00691,3627829
655,15/Apr/2019,JANATA DAL ( SECULAR ),*******3286,TL,7526,"10,00,000",00691,3627829
656,15/Apr/2019,JANATA DAL ( SECULAR ),*******3286,TL,7524,"10,00,000",00691,3627829
657,15/Apr/2019,JANATA DAL ( SECULAR ),*******3286,TL,7531,"10,00,000",00691,3627829
658,15/Apr/2019,JANATA DAL ( SECULAR ),*******3286,TL,12038,"10,00,000",00691,3627829
659,15/Apr/2019,JANATA DAL ( SECULAR ),*******3286,TL,12045,"10,00,000",00691,3627829
660,15/Apr/2019,JANATA DAL ( SECULAR ),*******3286,TL,12041,"10,00,000",00691,3627829
661,15/Apr/2019,JANATA DAL ( SECULAR ),*******3286,TL,12036,"10,00,000",00691,3627829
662,15/Apr/2019,JANATA DAL ( SECULAR ),*******3286,TL,12043,"10,00,000",00691,3627829
663,15/Apr/2019,JANATA DAL ( SECULAR ),*******3286,TL,12040,"10,00,000",00691,3627829
664,15/Apr/2019,JANATA DAL ( SECULAR ),*******3286,TL,12042,"10,00,000",00691,3627829
665,15/Apr/2019,JANATA DAL ( SECULAR ),*******3286,TL,12037,"10,00,000",00691,3627829
666,15/Apr/2019,JANATA DAL ( SECULAR ),*******3286,TL,12035,"10,00,000",00691,3627829
667,15/Apr/2019,JANATA DAL ( SECULAR ),*******3286,TL,12039,"10,00,000",00691,3627829
668,15/Apr/2019,JANATA DAL ( SECULAR ),*******3286,TL,7529,"10,00,000",00691,3627829
669,15/Apr/2019,JANATA DAL ( SECULAR ),*******3286,TL,7527,"10,00,000",00691,3627829
670,15/Apr/2019,JANATA DAL ( SECULAR ),*******3286,TL,12033,"10,00,000",00691,3627829
671,15/Apr/2019,JANATA DAL ( SECULAR ),*******3286,TL,7525,"10,00,000",00691,3627829
672,15/Apr/2019,JANATA DAL ( SECULAR ),*******3286,TL,7532,"10,00,000",00691,3627829
673,15/Apr/2019,NATIONALIST CONGRESS PARTY MAHARASHTRA PRADESH,*******6138,TL,6856,"10,00,000",00300,6283527
674,15/Apr/2019,NATIONALIST CONGRESS PARTY MAHARASHTRA PRADESH,*******6138,TL,6854,"10,00,000",00300,6283527
675,15/Apr/2019,NATIONALIST CONGRESS PARTY MAHARASHTRA PRADESH,*******6138,TL,6858,"10,00,000",00300,6283527
676,15/Apr/2019,NATIONALIST CONGRESS PARTY MAHARASHTRA PRADESH,*******6138,TL,6862,"10,00,000",00300,6283527
677,15/Apr/2019,NATIONALIST CONGRESS PARTY MAHARASHTRA PRADESH,*******6138,TL,6860,"10,00,000",00300,6283527
678,15/Apr/2019,NATIONALIST CONGRESS PARTY MAHARASHTRA PRADESH,*******6138,TL,12420,"10,00,000",00300,6283527
679,15/Apr/2019,NATIONALIST CONGRESS PARTY MAHARASHTRA PRADESH,*******6138,TL,12436,"10,00,000",00300,6283527
680,15/Apr/2019,NATIONALIST CONGRESS PARTY MAHARASHTRA PRADESH,*******6138,TL,12440,"10,00,000",00300,6283527
681,15/Apr/2019,NATIONALIST CONGRESS PARTY MAHARASHTRA PRADESH,*******6138,TL,12432,"10,00,000",00300,6283527
682,15/Apr/2019,NATIONALIST CONGRESS PARTY MAHARASHTRA PRADESH,*******6138,TL,12438,"10,00,000",00300,6283527
683,15/Apr/2019,NATIONALIST CONGRESS PARTY MAHARASHTRA PRADESH,*******6138,TL,12444,"10,00,000",00300,6283527
684,15/Apr/2019,NATIONALIST CONGRESS PARTY MAHARASHTRA PRADESH,*******6138,TL,12448,"10,00,000",00300,6283527
685,15/Apr/2019,NATIONALIST CONGRESS PARTY MAHARASHTRA PRADESH,*******6138,TL,12446,"10,00,000",00300,6283527
686,15/Apr/2019,NATIONALIST CONGRESS PARTY MAHARASHTRA PRADESH,*******6138,TL,12434,"10,00,000",00300,6283527
687,15/Apr/2019,NATIONALIST CONGRESS PARTY MAHARASHTRA PRADESH,*******6138,TL,12442,"10,00,000",00300,6283527
688,15/Apr/2019,"PRESIDENT, ALL INDIA CONGRESS COMMITTEE",*******4012,OC,5863,"1,00,00,000",00691,3627829
689,15/Apr/2019,"PRESIDENT, ALL INDIA CONGRESS COMMITTEE",*******4012,OC,5865,"1,00,00,000",00691,3627829
690,15/Apr/2019,"PRESIDENT, ALL INDIA CONGRESS COMMITTEE",*******4012,OC,5867,"1,00,00,000",00691,3627829
691,15/Apr/2019,"PRESIDENT, ALL INDIA CONGRESS COMMITTEE",*******4012,OC,5869,"1,00,00,000",00691,3627829
692,15/Apr/2019,"PRESIDENT, ALL INDIA CONGRESS COMMITTEE",*******4012,OC,2792,"1,00,00,000",00691,3627829
693,15/Apr/2019,"PRESIDENT, ALL INDIA CONGRESS COMMITTEE",*******4012,OC,2796,"1,00,00,000",00691,3627829
694,15/Apr/2019,"PRESIDENT, ALL INDIA CONGRESS COMMITTEE",*******4012,OC,2794,"1,00,00,000",00691,3627829
695,15/Apr/2019,"PRESIDENT, ALL INDIA CONGRESS COMMITTEE",*******4012,OC,2608,"1,00,00,000",00691,3627829
696,15/Apr/2019,"PRESIDENT, ALL INDIA CONGRESS COMMITTEE",*******4012,OC,2610,"1,00,00,000",00691,3627829
697,15/Apr/2019,"PRESIDENT, ALL INDIA CONGRESS COMMITTEE",*******4012,OC,2601,"1,00,00,000",00691,3627829
698,15/Apr/2019,"PRESIDENT, ALL INDIA CONGRESS COMMITTEE",*******4012,OC,2605,"1,00,00,000",00691,3627829
699,15/Apr/2019,"PRESIDENT, ALL INDIA CONGRESS COMMITTEE",*******4012,OC,2607,"1,00,00,000",00691,3627829
700,15/Apr/2019,"PRESIDENT, ALL INDIA CONGRESS COMMITTEE",*******4012,OC,2616,"1,00,00,000",00691,3627829
701,15/Apr/2019,"PRESIDENT, ALL INDIA CONGRESS COMMITTEE",*******4012,OC,2609,"1,00,00,000",00691,3627829
702,15/Apr/2019,"PRESIDENT, ALL INDIA CONGRESS COMMITTEE",*******4012,OC,2593,"1,00,00,000",00691,3627829
703,15/Apr/2019,"PRESIDENT, ALL INDIA CONGRESS COMMITTEE",*******4012,OC,2592,"1,00,00,000",00691,3627829
704,15/Apr/2019,"PRESIDENT, ALL INDIA CONGRESS COMMITTEE",*******4012,OC,4537,"1,00,00,000",00691,3627829
705,15/Apr/2019,"PRESIDENT, ALL INDIA CONGRESS COMMITTEE",*******4012,OC,4535,"1,00,00,000",00691,3627829
706,15/Apr/2019,"PRESIDENT, ALL INDIA CONGRESS COMMITTEE",*******4012,OC,1351,"1,00,00,000",00691,3627829
707,15/Apr/2019,"PRESIDENT, ALL INDIA CONGRESS COMMITTEE",*******4012,OC,5156,"1,00,00,000",00691,3627829
708,15/Apr/2019,"PRESIDENT, ALL INDIA CONGRESS COMMITTEE",*******4012,OC,5157,"1,00,00,000",00691,3627829
709,15/Apr/2019,"PRESIDENT, ALL INDIA CONGRESS COMMITTEE",*******4012,OC,5160,"1,00,00,000",00691,3627829
710,15/Apr/2019,"PRESIDENT, ALL INDIA CONGRESS COMMITTEE",*******4012,OC,5155,"1,00,00,000",00691,3627829
711,15/Apr/2019,"PRESIDENT, ALL INDIA CONGRESS COMMITTEE",*******4012,OC,5141,"1,00,00,000",00691,3627829
712,15/Apr/2019,"PRESIDENT, ALL INDIA CONGRESS COMMITTEE",*******4012,OC,5153,"1,00,00,000",00691,3627829
713,15/Apr/2019,"PRESIDENT, ALL INDIA CONGRESS COMMITTEE",*******4012,OC,5158,"1,00,00,000",00691,3627829
714,15/Apr/2019,"PRESIDENT, ALL INDIA CONGRESS COMMITTEE",*******4012,OC,5152,"1,00,00,000",00691,3627829
715,15/Apr/2019,"PRESIDENT, ALL INDIA CONGRESS COMMITTEE",*******4012,OC,5159,"1,00,00,000",00691,3627829
716,15/Apr/2019,"PRESIDENT, ALL INDIA CONGRESS COMMITTEE",*******4012,OC,5154,"1,00,00,000",00691,3627829
717,15/Apr/2019,"PRESIDENT, ALL INDIA CONGRESS COMMITTEE",*******4012,OC,746,"1,00,00,000",00691,3627829
718,15/Apr/2019,"PRESIDENT, ALL INDIA CONGRESS COMMITTEE",*******4012,OC,748,"1,00,00,000",00691,3627829
719,15/Apr/2019,"PRESIDENT, ALL INDIA CONGRESS COMMITTEE",*******4012,OC,750,"1,00,00,000",00691,3627829
720,15/Apr/2019,"PRESIDENT, ALL INDIA CONGRESS COMMITTEE",*******4012,OC,2854,"1,00,00,000",00691,3627829
721,15/Apr/2019,"PRESIDENT, ALL INDIA CONGRESS COMMITTEE",*******4012,TL,12416,"10,00,000",00691,3627829
722,15/Apr/2019,"PRESIDENT, ALL INDIA CONGRESS COMMITTEE",*******4012,TL,12414,"10,00,000",00691,3627829
723,15/Apr/2019,"PRESIDENT, ALL INDIA CONGRESS COMMITTEE",*******4012,TL,12418,"10,00,000",00691,3627829
724,15/Apr/2019,"PRESIDENT, ALL INDIA CONGRESS COMMITTEE",*******4012,TL,12410,"10,00,000",00691,3627829
725,15/Apr/2019,"PRESIDENT, ALL INDIA CONGRESS COMMITTEE",*******4012,TL,12412,"10,00,000",00691,3627829
726,15/Apr/2019,"PRESIDENT, ALL INDIA CONGRESS COMMITTEE",*******4012,TL,778,"10,00,000",00691,3627829
727,15/Apr/2019,"PRESIDENT, ALL INDIA CONGRESS COMMITTEE",*******4012,TL,11233,"10,00,000",00691,3627829
728,15/Apr/2019,"PRESIDENT, ALL INDIA CONGRESS COMMITTEE",*******4012,TL,11232,"10,00,000",00691,3627829
729,15/Apr/2019,"PRESIDENT, ALL INDIA CONGRESS COMMITTEE",*******4012,TL,11235,"10,00,000",00691,3627829
730,15/Apr/2019,"PRESIDENT, ALL INDIA CONGRESS COMMITTEE",*******4012,TL,11234,"10,00,000",00691,3627829
731,15/Apr/2019,"PRESIDENT, ALL INDIA CONGRESS COMMITTEE",*******4012,TL,11209,"10,00,000",00691,3627829
732,15/Apr/2019,"PRESIDENT, ALL INDIA CONGRESS COMMITTEE",*******4012,TL,4213,"10,00,000",00691,3627829
733,15/Apr/2019,"PRESIDENT, ALL INDIA CONGRESS COMMITTEE",*******4012,TL,4221,"10,00,000",00691,3627829
734,15/Apr/2019,"PRESIDENT, ALL INDIA CONGRESS COMMITTEE",*******4012,TL,4219,"10,00,000",00691,3627829
735,15/Apr/2019,"PRESIDENT, ALL INDIA CONGRESS COMMITTEE",*******4012,TL,4203,"10,00,000",00691,3627829
736,15/Apr/2019,"PRESIDENT, ALL INDIA CONGRESS COMMITTEE",*******4012,TL,4201,"10,00,000",00691,3627829
737,15/Apr/2019,"PRESIDENT, ALL INDIA CONGRESS COMMITTEE",*******4012,TL,4211,"10,00,000",00691,3627829
738,15/Apr/2019,"PRESIDENT, ALL INDIA CONGRESS COMMITTEE",*******4012,TL,4217,"10,00,000",00691,3627829
739,15/Apr/2019,"PRESIDENT, ALL INDIA CONGRESS COMMITTEE",*******4012,TL,4227,"10,00,000",00691,3627829
740,15/Apr/2019,"PRESIDENT, ALL INDIA CONGRESS COMMITTEE",*******4012,TL,4223,"10,00,000",00691,3627829
741,15/Apr/2019,"PRESIDENT, ALL INDIA CONGRESS COMMITTEE",*******4012,TL,4209,"10,00,000",00691,3627829
742,15/Apr/2019,"PRESIDENT, ALL INDIA CONGRESS COMMITTEE",*******4012,TL,4225,"10,00,000",00691,3627829
743,15/Apr/2019,"PRESIDENT, ALL INDIA CONGRESS COMMITTEE",*******4012,TL,9406,"10,00,000",00691,3627829
744,15/Apr/2019,"PRESIDENT, ALL INDIA CONGRESS COMMITTEE",*******4012,TL,9435,"10,00,000",00691,3627829
745,15/Apr/2019,"PRESIDENT, ALL INDIA CONGRESS COMMITTEE",*******4012,OL,16627,"1,00,000",00691,3627829
746,15/Apr/2019,"PRESIDENT, ALL INDIA CONGRESS COMMITTEE",*******4012,OL,16623,"1,00,000",00691,3627829
747,15/Apr/2019,"PRESIDENT, ALL INDIA CONGRESS COMMITTEE",*******4012,OL,16629,"1,00,000",00691,3627829
748,15/Apr/2019,"PRESIDENT, ALL INDIA CONGRESS COMMITTEE",*******4012,OL,16625,"1,00,000",00691,3627829
749,15/Apr/2019,"PRESIDENT, ALL INDIA CONGRESS COMMITTEE",*******4012,OL,16631,"1,00,000",00691,3627829
750,15/Apr/2019,SHIVSENA,*******4444,OC,6666,"1,00,00,000",00300,6283527
751,15/Apr/2019,SHIVSENA,*******4444,TL,12957,"10,00,000",00300,6283527
752,15/Apr/2019,SHIVSENA,*******4444,TL,12965,"10,00,000",00300,6283527
753,15/Apr/2019,SHIVSENA,*******4444,TL,12848,"10,00,000",00300,6283527
754,15/Apr/2019,SHIVSENA,*******4444,TL,12967,"10,00,000",00300,6283527
755,15/Apr/2019,SHIVSENA,*******4444,TL,12955,"10,00,000",00300,6283527
756,15/Apr/2019,SHIVSENA,*******4444,TL,12850,"10,00,000",00300,6283527
757,15/Apr/2019,SHIVSENA,*******4444,TL,12959,"10,00,000",00300,6283527
758,15/Apr/2019,SHIVSENA,*******4444,TL,12963,"10,00,000",00300,6283527
759,15/Apr/2019,SHIVSENA,*******4444,TL,12961,"10,00,000",00300,6283527
760,15/Apr/2019,SHIVSENA,*******4444,TL,12969,"10,00,000",00300,6283527
761,15/Apr/2019,TELUGU DESAM PARTY,*******3067,OC,5750,"1,00,00,000",00847,5867215
762,15/Apr/2019,TELUGU DESAM PARTY,*******3067,OC,5728,"1,00,00,000",00847,5867215
763,15/Apr/2019,TELUGU DESAM PARTY,*******3067,OC,5731,"1,00,00,000",00847,5867215
764,15/Apr/2019,TELUGU DESAM PARTY,*******3067,OC,5724,"1,00,00,000",00847,5867215
765,15/Apr/2019,TELUGU DESAM PARTY,*******3067,OC,5723,"1,00,00,000",00847,5867215
766,16/Apr/2019,ALL INDIA TRINAMOOL CONGRESS,*******0688,OC,1015,"1,00,00,000",00001,3476510
767,16/Apr/2019,ALL INDIA TRINAMOOL CONGRESS,*******0688,OC,1017,"1,00,00,000",00001,3476510
768,16/Apr/2019,ALL INDIA TRINAMOOL CONGRESS,*******0688,OC,1016,"1,00,00,000",00001,3476510
769,16/Apr/2019,ALL INDIA TRINAMOOL CONGRESS,*******0688,OC,1088,"1,00,00,000",00001,3476510
770,16/Apr/2019,ALL INDIA TRINAMOOL CONGRESS,*******0688,OC,1089,"1,00,00,000",00001,3476510
771,16/Apr/2019,ALL INDIA TRINAMOOL CONGRESS,*******0688,OC,4545,"1,00,00,000",00001,3476510
772,16/Apr/2019,ALL INDIA TRINAMOOL CONGRESS,*******0688,OC,4601,"1,00,00,000",00001,3476510
773,16/Apr/2019,ALL INDIA TRINAMOOL CONGRESS,*******0688,OC,4544,"1,00,00,000",00001,3476510
774,16/Apr/2019,ALL INDIA TRINAMOOL CONGRESS,*******0688,OC,4546,"1,00,00,000",00001,3476510
775,16/Apr/2019,ALL INDIA TRINAMOOL CONGRESS,*******0688,OC,4540,"1,00,00,000",00001,3476510
776,16/Apr/2019,ALL INDIA TRINAMOOL CONGRESS,*******0688,OC,4549,"1,00,00,000",00001,3476510
777,16/Apr/2019,ALL INDIA TRINAMOOL CONGRESS,*******0688,OC,4541,"1,00,00,000",00001,3476510
778,16/Apr/2019,ALL INDIA TRINAMOOL CONGRESS,*******0688,OC,4543,"1,00,00,000",00001,3476510
779,16/Apr/2019,ALL INDIA TRINAMOOL CONGRESS,*******0688,OC,4548,"1,00,00,000",00001,3476510
780,16/Apr/2019,ALL INDIA TRINAMOOL CONGRESS,*******0688,OC,4542,"1,00,00,000",00001,3476510
781,16/Apr/2019,ALL INDIA TRINAMOOL CONGRESS,*******0688,TL,11295,"10,00,000",00001,3476510
782,16/Apr/2019,ALL INDIA TRINAMOOL CONGRESS,*******0688,TL,11296,"10,00,000",00001,3476510
783,16/Apr/2019,ALL INDIA TRINAMOOL CONGRESS,*******0688,TL,11298,"10,00,000",00001,3476510
784,16/Apr/2019,ALL INDIA TRINAMOOL CONGRESS,*******0688,TL,11300,"10,00,000",00001,3476510
785,16/Apr/2019,ALL INDIA TRINAMOOL CONGRESS,*******0688,TL,11299,"10,00,000",00001,3476510
786,16/Apr/2019,ALL INDIA TRINAMOOL CONGRESS,*******0688,TL,11350,"10,00,000",00001,3476510
787,16/Apr/2019,ALL INDIA TRINAMOOL CONGRESS,*******0688,TL,11404,"10,00,000",00001,3476510
788,16/Apr/2019,ALL INDIA TRINAMOOL CONGRESS,*******0688,TL,11402,"10,00,000",00001,3476510
789,16/Apr/2019,ALL INDIA TRINAMOOL CONGRESS,*******0688,TL,11405,"10,00,000",00001,3476510
790,16/Apr/2019,ALL INDIA TRINAMOOL CONGRESS,*******0688,TL,11403,"10,00,000",00001,3476510
791,16/Apr/2019,ALL INDIA TRINAMOOL CONGRESS,*******0688,TL,11348,"10,00,000",00001,3476510
792,16/Apr/2019,ALL INDIA TRINAMOOL CONGRESS,*******0688,TL,11406,"10,00,000",00001,3476510
793,16/Apr/2019,ALL INDIA TRINAMOOL CONGRESS,*******0688,TL,11337,"10,00,000",00001,3476510
794,16/Apr/2019,ALL INDIA TRINAMOOL CONGRESS,*******0688,TL,11401,"10,00,000",00001,3476510
795,16/Apr/2019,ALL INDIA TRINAMOOL CONGRESS,*******0688,TL,11349,"10,00,000",00001,3476510
796,16/Apr/2019,ALL INDIA TRINAMOOL CONGRESS,*******0688,TL,11414,"10,00,000",00001,3476510
797,16/Apr/2019,ALL INDIA TRINAMOOL CONGRESS,*******0688,TL,11415,"10,00,000",00001,3476510
798,16/Apr/2019,ALL INDIA TRINAMOOL CONGRESS,*******0688,TL,11413,"10,00,000",00001,3476510
799,16/Apr/2019,ALL INDIA TRINAMOOL CONGRESS,*******0688,TL,11412,"10,00,000",00001,3476510
800,16/Apr/2019,ALL INDIA TRINAMOOL CONGRESS,*******0688,TL,11409,"10,00,000",00001,3476510
801,16/Apr/2019,ALL INDIA TRINAMOOL CONGRESS,*******0688,OL,1076,"1,00,000",00001,3476510
802,16/Apr/2019,BHARATIYA JANATA PARTY,*******8244,OC,4191,"1,00,00,000",00691,4567455
803,16/Apr/2019,BHARATIYA JANATA PARTY,*******8244,OC,4277,"1,00,00,000",00691,4567455
804,16/Apr/2019,BHARATIYA JANATA PARTY,*******8244,OC,4291,"1,00,00,000",00691,4567455
805,16/Apr/2019,BHARATIYA JANATA PARTY,*******8244,OC,4287,"1,00,00,000",00691,4567455
806,16/Apr/2019,BHARATIYA JANATA PARTY,*******8244,OC,4289,"1,00,00,000",00691,4567455
807,16/Apr/2019,BHARATIYA JANATA PARTY,*******8244,OC,6615,"1,00,00,000",00691,4567455
808,16/Apr/2019,BHARATIYA JANATA PARTY,*******8244,OC,6613,"1,00,00,000",00691,4567455
809,16/Apr/2019,BHARATIYA JANATA PARTY,*******8244,OC,6623,"1,00,00,000",00691,4567455
810,16/Apr/2019,BHARATIYA JANATA PARTY,*******8244,OC,6621,"1,00,00,000",00691,4567455
811,16/Apr/2019,BHARATIYA JANATA PARTY,*******8244,OC,6627,"1,00,00,000",00691,4567455
812,16/Apr/2019,BHARATIYA JANATA PARTY,*******8244,OC,6625,"1,00,00,000",00691,4567455
813,16/Apr/2019,BHARATIYA JANATA PARTY,*******8244,OC,6631,"1,00,00,000",00691,4567455
814,16/Apr/2019,BHARATIYA JANATA PARTY,*******8244,OC,6629,"1,00,00,000",00691,4567455
815,16/Apr/2019,BHARATIYA JANATA PARTY,*******8244,OC,6617,"1,00,00,000",00691,4567455
816,16/Apr/2019,BHARATIYA JANATA PARTY,*******8244,OC,6619,"1,00,00,000",00691,4567455
817,16/Apr/2019,BHARATIYA JANATA PARTY,*******8244,OC,6640,"1,00,00,000",00691,4567455
818,16/Apr/2019,BHARATIYA JANATA PARTY,*******8244,OC,6642,"1,00,00,000",00691,4567455
819,16/Apr/2019,BHARATIYA JANATA PARTY,*******8244,OC,6638,"1,00,00,000",00691,4567455
820,16/Apr/2019,BHARATIYA JANATA PARTY,*******8244,OC,6641,"1,00,00,000",00691,4567455
821,16/Apr/2019,BHARATIYA JANATA PARTY,*******8244,OC,734,"1,00,00,000",00691,4567455
822,16/Apr/2019,BHARATIYA JANATA PARTY,*******8244,OC,727,"1,00,00,000",00691,4567455
823,16/Apr/2019,BHARATIYA JANATA PARTY,*******8244,OC,2805,"1,00,00,000",00691,3627829
824,16/Apr/2019,BHARATIYA JANATA PARTY,*******8244,OC,2803,"1,00,00,000",00691,3627829
825,16/Apr/2019,BHARATIYA JANATA PARTY,*******8244,OC,2807,"1,00,00,000",00691,3627829
826,16/Apr/2019,BHARATIYA JANATA PARTY,*******8244,OC,2801,"1,00,00,000",00691,3627829
827,16/Apr/2019,BHARATIYA JANATA PARTY,*******8244,OC,2809,"1,00,00,000",00691,3627829
828,16/Apr/2019,BHARATIYA JANATA PARTY,*******8244,OC,2798,"1,00,00,000",00691,3627829
829,16/Apr/2019,BHARATIYA JANATA PARTY,*******8244,OC,2800,"1,00,00,000",00691,3627829
830,16/Apr/2019,BHARATIYA JANATA PARTY,*******8244,OC,4452,"1,00,00,000",00691,4567455
831,16/Apr/2019,BHARATIYA JANATA PARTY,*******8244,OC,2825,"1,00,00,000",00691,3627829
832,16/Apr/2019,BHARATIYA JANATA PARTY,*******8244,OC,2829,"1,00,00,000",00691,3627829
833,16/Apr/2019,BHARATIYA JANATA PARTY,*******8244,OC,2831,"1,00,00,000",00691,3627829
834,16/Apr/2019,BHARATIYA JANATA PARTY,*******8244,OC,2833,"1,00,00,000",00691,3627829
835,16/Apr/2019,BHARATIYA JANATA PARTY,*******8244,OC,2827,"1,00,00,000",00691,3627829
836,16/Apr/2019,BHARATIYA JANATA PARTY,*******8244,OC,5711,"1,00,00,000",00691,4567455
837,16/Apr/2019,BHARATIYA JANATA PARTY,*******8244,OC,5714,"1,00,00,000",00691,4567455
838,16/Apr/2019,BHARATIYA JANATA PARTY,*******8244,OC,5709,"1,00,00,000",00691,4567455
839,16/Apr/2019,BHARATIYA JANATA PARTY,*******8244,OC,5707,"1,00,00,000",00691,4567455
840,16/Apr/2019,BHARATIYA JANATA PARTY,*******8244,OC,1014,"1,00,00,000",00691,4567455
841,16/Apr/2019,BHARATIYA JANATA PARTY,*******8244,OC,4603,"1,00,00,000",00691,3627829
842,16/Apr/2019,BHARATIYA JANATA PARTY,*******8244,OC,4550,"1,00,00,000",00691,3627829
843,16/Apr/2019,BHARATIYA JANATA PARTY,*******8244,OC,4602,"1,00,00,000",00691,3627829
844,16/Apr/2019,BHARATIYA JANATA PARTY,*******8244,OC,5181,"1,00,00,000",00691,4567455
845,16/Apr/2019,BHARATIYA JANATA PARTY,*******8244,OC,5168,"1,00,00,000",00691,4567455
846,16/Apr/2019,BHARATIYA JANATA PARTY,*******8244,OC,5170,"1,00,00,000",00691,4567455
847,16/Apr/2019,BHARATIYA JANATA PARTY,*******8244,OC,5169,"1,00,00,000",00691,4567455
848,16/Apr/2019,BHARATIYA JANATA PARTY,*******8244,OC,1019,"1,00,00,000",00691,4567455
849,16/Apr/2019,BHARATIYA JANATA PARTY,*******8244,OC,1018,"1,00,00,000",00691,4567455
850,16/Apr/2019,BHARATIYA JANATA PARTY,*******8244,OC,5412,"1,00,00,000",00691,4567455
851,16/Apr/2019,BHARATIYA JANATA PARTY,*******8244,OC,2850,"1,00,00,000",00691,3627829
852,16/Apr/2019,BHARATIYA JANATA PARTY,*******8244,OC,2848,"1,00,00,000",00691,3627829
853,16/Apr/2019,BHARATIYA JANATA PARTY,*******8244,OC,6213,"1,00,00,000",00691,3627829
854,16/Apr/2019,BHARATIYA JANATA PARTY,*******8244,OC,1356,"1,00,00,000",00691,4567455
855,16/Apr/2019,BHARATIYA JANATA PARTY,*******8244,OC,1352,"1,00,00,000",00691,4567455
856,16/Apr/2019,BHARATIYA JANATA PARTY,*******8244,OC,1353,"1,00,00,000",00691,4567455
857,16/Apr/2019,BHARATIYA JANATA PARTY,*******8244,OC,1355,"1,00,00,000",00691,4567455
858,16/Apr/2019,BHARATIYA JANATA PARTY,*******8244,OC,1354,"1,00,00,000",00691,4567455
859,16/Apr/2019,BHARATIYA JANATA PARTY,*******8244,OC,585,"1,00,00,000",00691,4567455
860,16/Apr/2019,BHARATIYA JANATA PARTY,*******8244,OC,586,"1,00,00,000",00691,4567455
861,16/Apr/2019,BHARATIYA JANATA PARTY,*******8244,OC,587,"1,00,00,000",00691,4567455
862,16/Apr/2019,BHARATIYA JANATA PARTY,*******8244,OC,5485,"1,00,00,000",00691,4567455
863,16/Apr/2019,BHARATIYA JANATA PARTY,*******8244,OC,5465,"1,00,00,000",00691,4567455
864,16/Apr/2019,BHARATIYA JANATA PARTY,*******8244,OC,5497,"1,00,00,000",00691,4567455
865,16/Apr/2019,BHARATIYA JANATA PARTY,*******8244,OC,5510,"1,00,00,000",00691,4567455
866,16/Apr/2019,BHARATIYA JANATA PARTY,*******8244,OC,5484,"1,00,00,000",00691,4567455
867,16/Apr/2019,BHARATIYA JANATA PARTY,*******8244,OC,5490,"1,00,00,000",00691,4567455
868,16/Apr/2019,BHARATIYA JANATA PARTY,*******8244,OC,5496,"1,00,00,000",00691,4567455
869,16/Apr/2019,BHARATIYA JANATA PARTY,*******8244,OC,5456,"1,00,00,000",00691,4567455
870,16/Apr/2019,BHARATIYA JANATA PARTY,*******8244,OC,5469,"1,00,00,000",00691,4567455
871,16/Apr/2019,BHARATIYA JANATA PARTY,*******8244,OC,5495,"1,00,00,000",00691,4567455
872,16/Apr/2019,BHARATIYA JANATA PARTY,*******8244,OC,5503,"1,00,00,000",00691,4567455
873,16/Apr/2019,BHARATIYA JANATA PARTY,*******8244,OC,5486,"1,00,00,000",00691,4567455
874,16/Apr/2019,BHARATIYA JANATA PARTY,*******8244,OC,5482,"1,00,00,000",00691,4567455
875,16/Apr/2019,BHARATIYA JANATA PARTY,*******8244,OC,5502,"1,00,00,000",00691,4567455
876,16/Apr/2019,BHARATIYA JANATA PARTY,*******8244,OC,5500,"1,00,00,000",00691,4567455
877,16/Apr/2019,BHARATIYA JANATA PARTY,*******8244,OC,5483,"1,00,00,000",00691,4567455
878,16/Apr/2019,BHARATIYA JANATA PARTY,*******8244,OC,5479,"1,00,00,000",00691,4567455
879,16/Apr/2019,BHARATIYA JANATA PARTY,*******8244,OC,5473,"1,00,00,000",00691,4567455
880,16/Apr/2019,BHARATIYA JANATA PARTY,*******8244,OC,5518,"1,00,00,000",00691,4567455
881,16/Apr/2019,BHARATIYA JANATA PARTY,*******8244,OC,5476,"1,00,00,000",00691,4567455
882,16/Apr/2019,BHARATIYA JANATA PARTY,*******8244,OC,5501,"1,00,00,000",00691,4567455
883,16/Apr/2019,BHARATIYA JANATA PARTY,*******8244,OC,5489,"1,00,00,000",00691,4567455
884,16/Apr/2019,BHARATIYA JANATA PARTY,*******8244,OC,5487,"1,00,00,000",00691,4567455
885,16/Apr/2019,BHARATIYA JANATA PARTY,*******8244,OC,5499,"1,00,00,000",00691,4567455
886,16/Apr/2019,BHARATIYA JANATA PARTY,*******8244,OC,5452,"1,00,00,000",00691,4567455
887,16/Apr/2019,BHARATIYA JANATA PARTY,*******8244,OC,5480,"1,00,00,000",00691,4567455
888,16/Apr/2019,BHARATIYA JANATA PARTY,*******8244,OC,5494,"1,00,00,000",00691,4567455
889,16/Apr/2019,BHARATIYA JANATA PARTY,*******8244,OC,5516,"1,00,00,000",00691,4567455
890,16/Apr/2019,BHARATIYA JANATA PARTY,*******8244,OC,5506,"1,00,00,000",00691,4567455
891,16/Apr/2019,BHARATIYA JANATA PARTY,*******8244,OC,5511,"1,00,00,000",00691,4567455
892,16/Apr/2019,BHARATIYA JANATA PARTY,*******8244,OC,5507,"1,00,00,000",00691,4567455
893,16/Apr/2019,BHARATIYA JANATA PARTY,*******8244,OC,5505,"1,00,00,000",00691,4567455
894,16/Apr/2019,BHARATIYA JANATA PARTY,*******8244,OC,5504,"1,00,00,000",00691,4567455
895,16/Apr/2019,BHARATIYA JANATA PARTY,*******8244,OC,5508,"1,00,00,000",00691,4567455
896,16/Apr/2019,BHARATIYA JANATA PARTY,*******8244,OC,5493,"1,00,00,000",00691,4567455
897,16/Apr/2019,BHARATIYA JANATA PARTY,*******8244,OC,5514,"1,00,00,000",00691,4567455
898,16/Apr/2019,BHARATIYA JANATA PARTY,*******8244,OC,5478,"1,00,00,000",00691,4567455
899,16/Apr/2019,BHARATIYA JANATA PARTY,*******8244,OC,5498,"1,00,00,000",00691,4567455
900,16/Apr/2019,BHARATIYA JANATA PARTY,*******8244,OC,5488,"1,00,00,000",00691,4567455
901,16/Apr/2019,BHARATIYA JANATA PARTY,*******8244,OC,5477,"1,00,00,000",00691,4567455
